homeless.status	monthly.balance	houshold.size	education	state.rank	family.proximity	credit.lines	loans	job.fire.rate	savings
1	1427	5	1	38	5	5	3621	0.3	3211
1	-3302	3	1	24	5	7	8620	0.85	9353
1	-3172	1	2	50	4	7	48223	0.75	1322
1	-1362	1	0	24	5	6	15695	0.7	7979
1	-612	2	0	33	3	5	638	0.3	515
1	-554	3	3	50	2	4	25094	0.8	4658
0	674	3	2	26	2	1	37546	0.5	140674
1	767	1	1	32	4	5	46212	0.85	4791
0	13084	6	2	17	4	1	36602	0.55	109138
0	2930	5	3	22	4	2	21818	0.1	127943
1	-2444	3	0	33	5	7	10586	0.8	3788
0	18809	5	2	18	2	2	22174	0.55	6533
1	-5111	2	1	37	5	7	37325	0.7	7511
1	-466	1	0	49	5	6	38053	0.6	9150
1	-2512	3	1	25	5	6	135	0.65	2080
0	19119	4	0	22	2	1	43584	0.5	124938
1	-7669	1	3	25	2	4	35238	0.5	7123
1	1257	1	1	27	5	4	2124	0.8	6568
0	-872	6	2	24	4	1	16419	0.1	84168
0	2503	5	0	22	3	1	12796	0.25	176969
1	1156	1	2	32	5	5	35961	0.35	4156
1	-7428	3	0	35	2	4	36688	0.9	2223
0	17316	3	3	10	1	3	28642	0.3	153084
0	17616	5	3	11	1	2	41038	0.6	86091
0	-701	6	2	20	4	1	14438	0.2	1741
1	-4948	2	0	25	5	7	29011	0.7	1169
0	5683	4	0	21	1	1	1113	0.55	195245
0	2632	6	1	10	4	2	12854	0.1	94521
1	-3627	2	1	27	2	5	8841	0.45	6832
1	-823	5	0	49	5	7	7823	0.45	9788
0	17954	3	2	11	2	1	7316	0.15	124762
0	10383	5	3	6	3	1	28907	0.15	117689
0	4543	5	3	15	4	2	25210	0.15	133046
1	-2887	3	0	27	3	7	19957	0.75	3001
1	-5231	1	0	48	5	7	12948	0.7	2304
1	1095	1	0	22	5	7	47031	0.3	8105
1	-6913	2	3	40	5	5	21300	0.85	3129
1	-6880	2	2	48	2	6	29380	0.7	7975
1	-5197	2	1	49	5	5	10052	0.65	2062
0	17111	6	3	29	4	4	3147	0.5	42092
0	19852	5	1	3	2	1	33525	0	173051
1	-9577	2	3	45	3	7	2344	0.85	7220
0	9749	6	3	11	4	2	24052	0.2	171272
1	1348	2	0	36	2	7	47249	0.7	1173
1	-3233	1	1	37	3	6	47983	0.8	7824
0	7935	6	2	11	3	3	24556	0.3	36303
1	-924	1	0	40	5	7	22097	0.7	8958
1	1176	2	1	48	4	7	18476	0.35	9076
0	10474	6	2	16	1	1	3023	0.45	177262
1	-9370	1	0	31	2	6	10042	0.45	7632
1	-6402	1	0	20	5	6	42314	0.55	8377
0	19421	6	2	28	2	1	2574	0.2	68759
1	-9310	2	0	25	2	5	2259	0.65	5047
1	-5677	2	0	45	4	6	46484	0.5	4458
0	19797	4	1	3	4	6	29518	0.05	83191
1	-7241	2	0	31	4	4	14250	0.9	9667
0	831	5	1	15	2	1	41715	0.45	70064
0	9467	6	3	25	4	4	32954	0.1	124018
1	-3797	2	0	31	5	7	41936	0.85	2247
1	1773	3	0	24	2	7	37816	0.55	8707
1	-6032	1	0	39	3	7	6472	0.65	7080
0	16307	6	3	13	4	1	12383	0.05	116213
0	13236	3	0	25	2	4	9862	0.35	63578
1	-1379	2	0	36	5	6	19103	0.6	6071
0	10722	5	2	10	1	3	6169	0	73254
1	-1041	5	0	40	5	6	10319	0.75	1816
1	-6297	2	0	48	2	7	15886	0.6	374
0	3725	5	2	13	4	2	30164	0.05	79266
1	-8332	1	0	21	4	7	45136	0.45	9174
0	18504	6	1	8	4	3	3645	0.6	25203
1	-4620	1	0	25	3	6	4965	0.5	2389
1	-6172	6	0	47	5	5	5499	0.7	4399
0	11225	6	3	20	2	2	17328	0.1	23995
1	1990	1	0	44	2	6	22886	0.45	366
1	1617	2	2	37	3	5	12874	0.8	4435
0	8190	4	2	2	3	1	15067	0.4	131578
0	10611	6	2	5	2	6	4329	0.5	98875
1	-2182	6	0	20	5	7	16157	0.4	359
0	10850	4	3	28	3	1	33400	0	184155
1	-9604	3	0	50	2	6	11926	0.55	8072
1	-1781	3	2	40	5	5	35878	0.4	1366
0	6124	5	3	28	4	1	34247	0.55	97315
1	-461	1	0	22	5	7	15274	0.85	5770
1	-8381	3	1	28	2	7	41918	0.45	9634
0	9287	5	2	24	4	2	21926	0.55	195198
1	-6112	6	0	44	2	7	39311	0.65	5506
1	-8335	4	2	22	5	6	38827	0.85	3613
1	-5964	2	0	31	5	4	18455	0.5	4394
0	19022	5	1	11	3	5	44557	0	146482
1	-8626	2	1	37	5	7	28845	0.65	7165
0	17306	5	2	2	2	1	23546	0.2	5100
0	7225	4	3	8	1	5	16049	0.35	11115
0	10994	5	2	17	4	2	18620	0.35	45692
0	9537	5	3	2	4	1	35502	0	133800
0	13991	5	3	20	4	2	48487	0.25	159278
1	-5227	1	0	46	4	5	36841	0.75	9545
1	-2586	3	0	26	5	4	35593	0.8	8591
1	-8542	2	0	36	5	7	1154	0.4	3342
0	11493	6	2	3	1	4	30113	0.5	191218
1	1072	1	1	45	5	7	27564	0.6	2240
0	2897	6	2	1	4	4	12473	0.05	188100
0	8959	2	3	14	3	2	26234	0.4	145849
1	-5905	2	0	47	5	5	7172	0.55	7202
1	-5454	2	0	23	2	7	43420	0.9	90
0	13776	6	2	13	2	4	25290	0.45	97702
1	-3628	2	0	47	2	5	27353	0.4	3754
0	7820	3	3	8	4	2	21058	0.35	46841
1	-4757	1	1	20	4	7	6917	0.75	6797
1	-9258	4	0	27	5	7	31677	0.3	5130
0	2223	3	2	14	3	1	33862	0.6	176210
0	12982	6	0	1	2	2	36582	0.1	59293
1	-4544	2	1	42	4	6	30675	0.65	3701
0	10619	6	3	17	2	1	4977	0.4	194722
0	16994	4	3	8	4	2	44203	0.35	65709
0	13135	5	3	4	4	3	40575	0.25	68054
1	-7001	2	2	33	3	7	34354	0.9	2600
1	1998	2	0	25	5	7	9673	0.9	7705
0	16660	6	2	3	3	2	25462	0	112422
0	14101	5	3	24	4	1	38039	0.2	24414
0	11295	6	1	10	2	2	24006	0.55	54357
0	13667	6	3	21	3	1	6660	0.4	57073
1	-290	2	1	36	2	7	33825	0.6	7392
1	864	3	0	33	4	5	40289	0.65	2327
0	2213	6	0	12	4	4	35492	0.4	124112
1	480	3	0	50	2	7	37122	0.9	8474
0	15332	4	3	17	2	4	12530	0.05	70142
0	19898	5	1	4	1	2	19041	0.5	54431
1	-624	2	0	45	5	5	13891	0.3	7804
0	18130	1	3	21	3	1	22261	0.6	147180
1	-584	2	2	39	5	5	10919	0.7	8429
1	-732	1	2	23	5	6	13025	0.8	297
0	18513	5	1	21	4	3	9889	0.55	185698
0	15378	2	3	13	3	1	44825	0.35	87959
0	17946	4	2	24	4	2	36121	0.5	70717
1	-2182	6	0	20	3	7	19464	0.75	8368
1	577	2	2	48	4	7	8389	0.45	9128
0	14988	6	1	15	3	1	1085	0.1	75816
0	4224	6	2	8	4	3	11727	0.5	39792
1	1061	3	1	38	4	7	29671	0.8	9638
0	15711	6	3	7	3	1	42984	0.6	17162
0	13670	5	2	13	4	4	24518	0.6	158012
0	12916	4	3	13	4	1	23348	0.55	9741
0	19165	3	3	11	1	1	28817	0.55	194413
1	-9574	2	2	45	5	7	32009	0.3	7297
1	-8955	3	0	40	2	7	20495	0.3	9301
0	1154	5	3	7	4	3	49769	0.25	178326
1	-5641	1	1	41	4	7	15845	0.7	3312
1	-6293	3	2	35	5	6	31274	0.8	384
1	-3950	2	1	40	3	6	44368	0.75	3720
0	10306	5	3	12	1	3	39329	0.45	89256
0	17305	5	3	16	3	4	24309	0.2	98252
0	857	6	3	30	4	1	28814	0.4	133730
0	6136	6	3	12	4	1	39297	0.5	2605
0	3131	6	2	15	4	4	45996	0.5	150973
1	-239	5	1	34	3	4	45923	0.75	372
1	-7130	1	0	34	3	6	43873	0.5	7197
1	-4415	1	0	37	5	7	44240	0.85	2336
1	-5081	1	0	30	2	3	38034	0.8	1547
0	15025	6	3	23	4	1	2576	0.55	143299
0	19775	3	3	26	4	2	35251	0.6	15647
0	13120	4	3	3	4	5	38827	0.15	6309
0	7748	4	0	24	3	1	4812	0.55	50692
0	16694	6	2	8	4	2	46590	0	141725
0	6571	6	3	14	4	2	36062	0.5	30431
1	-5788	2	0	30	4	7	4271	0.85	5541
1	-1721	2	2	40	3	4	32522	0.45	6995
1	703	2	1	25	5	7	48337	0.75	1634
0	13741	4	1	19	3	1	3271	0	90907
1	-5736	1	1	49	3	7	35834	0.45	9332
1	-9507	3	1	35	5	6	16427	0.3	5891
1	-1148	2	0	27	5	7	9050	0.75	2198
1	-9449	3	0	29	2	3	31540	0.45	6168
0	6940	6	2	22	4	2	29579	0.05	9068
1	-5344	1	0	48	3	6	20249	0.75	924
0	8533	6	2	5	3	2	19948	0.3	97445
1	-91	1	3	23	3	6	41798	0.3	3940
1	1476	2	2	49	3	5	31636	0.6	6468
0	12936	6	2	5	4	5	23740	0.5	65382
0	12214	4	3	14	1	3	33950	0.05	163453
0	7175	3	2	14	4	2	24856	0.45	197748
0	14184	6	3	2	3	1	9949	0.2	84423
0	14469	4	2	27	1	5	43375	0.15	77497
1	546	3	3	38	5	7	33311	0.35	8738
1	-2960	3	0	47	3	7	31262	0.75	9717
1	-4128	1	0	25	5	7	14206	0.55	2891
1	444	1	2	39	4	7	26258	0.7	1794
0	17857	5	3	24	4	1	29193	0.25	8310
0	11773	4	3	21	3	4	4070	0.4	111924
1	-5234	3	3	24	5	7	40332	0.7	3521
0	10576	6	2	9	2	2	8369	0.4	65783
0	9261	3	2	26	1	3	31767	0.1	112311
1	-7336	1	3	44	3	7	31652	0.5	686
1	1658	1	3	29	5	5	22425	0.35	410
1	-6152	1	0	39	4	7	18855	0.75	201
1	1976	2	0	40	4	7	18203	0.5	8167
1	-5656	5	3	36	3	5	4209	0.3	8333
1	-5087	4	0	40	3	2	48031	0.9	491
1	-9499	3	2	36	5	4	43057	0.3	7093
1	-1412	2	1	39	2	7	18347	0.65	9974
0	6771	6	3	1	4	1	26272	0.45	106875
1	-899	1	2	44	3	7	38760	0.9	5822
0	6687	5	3	24	4	2	26365	0.4	71995
1	-9955	1	0	37	2	7	5785	0.85	483
0	2124	4	2	20	3	2	49348	0.5	131828
0	19211	6	3	24	4	2	5701	0.3	129506
0	17378	4	3	1	1	3	41364	0.6	146803
0	9802	6	2	26	2	2	14716	0.3	45159
1	-9040	4	1	31	5	6	32647	0.6	5647
1	-84	3	1	43	3	7	5656	0.65	9513
0	8039	4	1	9	4	1	39029	0.3	130781
1	-4871	1	1	27	4	7	36824	0.8	3049
1	-3187	3	3	22	5	7	33539	0.65	311
1	-1958	3	3	23	4	5	44112	0.3	8703
0	6181	6	1	22	2	1	16709	0.5	107987
1	-7790	1	3	38	2	4	18419	0.55	283
1	-2750	1	1	29	2	6	40563	0.7	3492
1	-3492	2	0	32	5	5	38164	0.3	8829
1	-6570	3	1	30	3	6	36116	0.6	6290
0	1365	6	3	25	1	2	4663	0.15	31476
1	-6419	2	1	49	2	7	12715	0.35	32
0	4838	2	2	20	1	2	28198	0.5	148362
0	1684	4	0	11	3	1	28264	0	14772
0	4512	6	2	30	4	2	6704	0.55	68139
1	-5300	1	3	26	5	7	36185	0.5	5338
0	-296	6	3	17	4	4	45963	0.1	140081
1	-2139	1	1	40	4	7	34041	0.5	8735
0	17405	4	1	12	2	6	22979	0.5	189632
0	6114	2	3	2	1	1	10785	0.2	132499
1	-9359	3	1	23	4	6	44853	0.7	4728
1	-3226	1	0	47	5	6	10779	0.8	4884
0	484	5	2	13	3	1	39161	0	185258
0	17267	5	3	10	1	1	30691	0.05	134472
1	-8305	1	2	30	2	6	11615	0.9	8654
1	1363	3	1	34	4	7	14676	0.5	7340
0	15550	6	1	11	1	2	13097	0.05	21826
1	-9298	1	3	46	2	7	43088	0.45	450
1	650	3	0	27	4	6	10089	0.3	9631
0	9424	5	3	6	4	2	2380	0.1	165359
0	2332	4	3	23	4	1	20959	0.55	128486
1	-1464	2	2	24	5	7	45628	0.65	5162
0	2587	6	0	20	4	1	33436	0.45	115132
0	986	6	3	7	3	1	15107	0.1	188235
0	-143	5	1	3	4	1	29860	0.3	29084
1	-7653	3	1	40	2	3	7584	0.7	6490
1	-9435	2	2	28	5	5	16444	0.9	7104
1	-5088	3	0	25	2	7	28819	0.7	4504
1	1820	2	1	44	3	2	38248	0.5	2139
0	6693	3	1	11	4	1	41148	0.4	16614
0	5799	5	3	16	4	4	29994	0.5	101375
1	-910	3	1	50	4	5	27652	0.3	188
1	-6361	4	0	23	3	7	9046	0.8	3111
0	10407	6	1	2	4	2	26586	0.35	82126
1	-5868	1	0	47	3	5	16816	0.6	1829
1	-1968	3	1	43	2	4	3542	0.75	6643
0	15335	4	2	21	4	1	38251	0.6	138135
1	-8831	6	2	30	3	7	13919	0.85	4058
0	17879	5	1	3	4	2	30299	0.15	160560
0	535	1	3	11	1	2	12160	0	140461
0	-77	3	2	12	3	1	29317	0.25	124508
1	-58	1	2	37	5	5	29456	0.75	5651
0	15984	5	2	15	1	1	5723	0.6	99293
1	1378	2	1	43	4	7	34410	0.3	3604
0	11152	5	2	11	1	4	48292	0.2	136756
1	-7970	3	0	27	5	4	2563	0.7	2929
0	12551	3	0	9	1	1	11812	0.35	101983
0	-934	6	3	30	3	1	13829	0.2	46400
0	1822	6	3	1	4	3	44378	0.2	160051
1	-5176	1	0	48	2	7	36606	0.7	7316
0	19203	5	1	29	3	2	34162	0.5	188755
0	8636	6	2	23	2	3	21479	0.4	188535
1	-490	1	1	44	5	6	10788	0.45	6432
1	1520	1	3	38	5	6	40032	0.65	3113
0	7796	6	2	1	1	2	9273	0.05	161743
1	-4252	4	0	43	5	7	43929	0.65	4050
0	16755	3	1	9	4	2	23266	0	105810
0	-100	5	3	17	2	2	35078	0.55	65939
1	-3231	2	0	34	3	5	28267	0.65	2972
0	-562	6	2	30	2	3	97	0.5	112704
1	-6622	4	0	42	5	5	38026	0.7	9641
0	3665	6	2	6	4	2	37924	0.3	75768
0	10607	5	0	12	3	2	9665	0.1	131056
1	-7034	3	0	30	5	4	22971	0.5	5591
0	136	6	3	10	4	1	15770	0.45	141915
1	-7581	3	2	50	3	6	49358	0.3	6871
1	-2832	3	0	35	2	6	5760	0.6	7227
1	-4274	2	0	29	3	5	17767	0.8	1971
0	11992	6	2	15	4	1	43099	0.05	161409
1	-3871	2	1	39	5	7	6872	0.55	7989
1	-431	2	0	27	2	7	36417	0.7	8542
1	-7157	2	0	40	5	6	810	0.35	3229
1	-9023	1	1	27	5	6	35508	0.6	1886
1	-2220	3	2	30	3	4	21583	0.8	2818
0	-822	4	3	9	3	1	39324	0.6	16810
0	5806	6	3	24	4	1	27425	0.5	121209
0	8294	5	2	23	4	2	13459	0.6	115570
0	18417	6	3	26	1	1	46987	0.3	197804
1	1508	1	0	35	2	7	11250	0.45	3833
1	7	2	0	38	5	6	32889	0.75	7619
0	16667	4	3	3	4	2	39057	0.3	186631
0	2627	3	3	29	1	1	26286	0.15	132298
0	2962	3	0	2	4	3	32752	0.5	183629
0	19901	6	3	28	1	1	30321	0.3	102623
0	14846	6	0	27	1	1	1291	0.2	161074
1	-5699	1	1	27	2	6	28780	0.5	838
1	-8723	2	0	35	5	7	44793	0.65	7075
0	7266	5	3	3	1	2	9988	0.1	16369
1	-8446	1	2	40	3	6	20342	0.55	1664
0	13973	5	2	30	2	2	11581	0.5	65326
0	5663	6	3	15	1	1	14419	0.15	147582
1	-3104	2	0	32	2	4	44118	0.7	9932
1	-5681	3	1	45	5	5	10439	0.55	5295
1	-3839	6	3	38	2	7	5415	0.5	2647
1	-252	3	2	22	3	6	48280	0.5	611
1	-2423	3	1	50	3	7	31743	0.35	5480
0	4	3	3	24	4	2	39250	0.05	32227
0	8953	5	2	19	4	1	6372	0.6	123811
1	-4087	1	0	39	5	6	15033	0.4	457
1	1664	3	1	20	2	5	15970	0.4	7647
1	-724	3	2	45	3	7	34828	0.5	3670
0	12911	4	3	20	3	2	45327	0	161454
1	-3715	2	0	49	5	7	49637	0.65	539
1	-6973	1	0	24	3	5	15755	0.45	70
0	6748	6	3	29	1	2	11838	0.05	3101
0	15700	4	2	18	2	1	47067	0.25	174357
0	4889	4	3	11	2	1	26266	0.25	92501
0	13193	5	2	3	4	1	47179	0.1	159044
0	13273	5	3	7	1	2	18796	0	157815
1	-6342	1	1	38	4	7	8481	0.7	7673
0	12604	6	2	1	4	1	37212	0.4	198032
0	8584	6	2	20	1	1	27607	0.3	42211
1	-9982	3	2	44	3	7	41726	0.65	1964
1	1838	2	0	23	2	6	4220	0.9	5066
1	-3468	4	1	36	3	5	24569	0.4	2044
1	-5618	4	2	21	2	7	38485	0.85	8414
1	-9533	1	1	42	5	6	29860	0.3	8366
0	5413	5	3	5	1	1	40522	0.55	66881
0	11251	4	2	15	4	1	16130	0.2	60906
1	1878	1	0	25	5	5	24585	0.8	4554
0	7289	6	2	16	4	4	11395	0.55	154144
1	-2992	5	1	20	3	6	3477	0.75	9355
0	8304	5	2	19	4	2	18760	0.2	62630
0	13561	5	1	1	3	5	34002	0.3	59682
1	-5920	2	1	47	4	5	281	0.45	8858
1	-6435	6	0	42	5	3	11155	0.3	6608
0	15859	6	0	6	1	3	6329	0.2	117731
1	-9991	6	1	39	4	7	37506	0.6	1241
0	18408	6	3	25	2	2	37479	0.4	194508
0	6409	6	3	3	4	1	10486	0.6	72180
0	17281	4	2	26	4	6	23585	0.5	133929
0	18933	6	1	13	3	2	37712	0.2	18333
0	4050	5	3	23	3	2	6156	0.6	83174
0	12871	5	2	12	2	1	36598	0.4	67928
0	4464	4	2	18	2	1	46411	0.5	122347
0	8999	6	3	25	4	2	597	0.05	120802
1	-6867	2	2	23	5	6	7139	0.8	2766
0	19208	1	0	6	3	5	31650	0.15	157958
1	-7753	1	1	40	5	7	21165	0.8	6662
1	-4037	1	0	35	3	4	23195	0.6	1647
0	17355	6	3	9	4	2	43354	0	184822
1	-8743	1	0	27	4	4	10876	0.6	1469
0	10481	4	3	2	1	2	22942	0.3	99870
0	16567	5	3	21	1	6	42080	0.5	143480
1	-6089	2	1	36	5	6	1638	0.55	2459
1	-5535	5	0	27	4	7	2843	0.35	92
1	-1547	2	1	34	5	5	16192	0.6	2216
0	8846	5	2	10	4	3	30201	0	21136
0	10435	6	3	9	2	1	17298	0.05	172292
1	-6699	1	1	44	2	5	15765	0.8	9360
1	-8972	4	3	26	3	5	10990	0.3	7894
1	-8229	1	1	35	2	7	42990	0.75	8919
0	2068	6	1	22	3	3	22877	0.5	178227
1	-8555	3	0	22	2	4	49761	0.55	3836
1	-1948	2	0	38	5	7	32113	0.4	8278
0	8242	5	3	24	2	1	12384	0.15	25081
1	-86	1	2	46	2	7	46560	0.3	6878
1	-5149	2	1	39	5	7	12452	0.3	9111
1	-1186	1	2	34	5	7	49992	0.65	1697
1	1534	2	0	46	5	4	22759	0.45	4143
1	93	1	0	29	3	6	45421	0.35	6461
0	19298	6	3	11	4	3	24418	0.45	112288
0	13962	4	3	21	4	1	8466	0.05	94028
0	11184	5	2	17	4	1	2552	0.55	63595
0	10098	4	3	1	4	1	32856	0.05	54536
0	10736	5	3	22	1	3	32664	0.4	70535
0	19013	5	3	5	4	6	19014	0.5	54859
1	-6735	2	1	38	5	5	30376	0.5	7075
0	19099	6	3	21	3	1	8344	0.05	91239
1	-9459	4	0	38	5	3	5579	0.45	6593
0	6785	5	2	18	4	1	27004	0.3	42643
0	13058	6	1	3	4	4	25525	0.25	127831
1	-549	2	2	33	4	7	36843	0.9	1241
0	7967	4	0	19	1	2	14858	0.4	99451
1	-3822	4	3	45	3	5	36982	0.75	536
1	-8984	2	2	48	4	7	9257	0.5	5574
0	9021	5	3	10	4	1	40774	0.15	73106
1	-1293	2	0	41	5	7	4114	0.5	8830
1	802	1	2	31	5	7	30915	0.9	642
1	-8396	2	0	27	5	4	19662	0.6	5347
1	-3462	2	1	30	5	5	14344	0.9	2140
1	1633	3	0	48	5	7	39937	0.5	1692
1	1745	2	2	29	2	3	48962	0.4	109
1	-6361	2	1	23	5	5	41209	0.6	2954
0	18437	5	3	27	1	2	25774	0.55	42907
0	11544	3	2	27	4	1	24557	0	133469
0	567	5	1	10	4	1	41086	0.55	120236
1	-2704	2	1	49	2	6	14375	0.7	6114
0	12899	3	3	1	1	2	36327	0.15	129890
1	319	2	0	38	4	6	19421	0.65	1229
1	1116	3	3	30	5	6	46944	0.45	7772
0	5414	3	0	14	4	1	26026	0.35	142280
1	-2874	3	1	50	3	7	20618	0.6	1308
1	-2701	1	2	49	5	5	42953	0.55	7671
1	-7354	1	0	25	5	4	7566	0.85	7018
1	-7878	2	0	37	5	6	18569	0.55	5447
0	7316	6	2	16	2	2	38655	0.5	170977
0	10260	6	3	3	4	2	17783	0.2	35823
0	8657	5	2	24	1	1	33995	0.6	13174
1	151	2	1	27	5	4	37516	0.35	1794
1	-853	2	0	30	2	6	43672	0.85	6132
1	-4177	3	0	23	2	7	9220	0.55	6153
0	7249	2	2	23	1	1	1417	0.6	166093
0	714	5	1	9	3	2	5369	0.5	42682
0	-350	6	3	1	4	6	11424	0.6	93692
0	8846	4	3	18	3	1	34908	0.35	7720
0	1157	5	2	16	3	4	7981	0.1	132773
1	-5011	3	3	31	5	7	32417	0.8	7700
1	-3696	1	1	38	4	4	36360	0.75	4722
0	2030	6	1	6	4	1	1267	0.3	84828
1	-3710	2	3	35	3	6	31464	0.75	1920
0	17694	5	3	3	4	2	37403	0.1	159827
1	-7939	6	0	39	3	5	6694	0.45	2722
1	201	1	3	24	5	6	17140	0.5	2091
0	3913	5	2	16	4	3	9012	0.25	59841
1	-1866	1	3	23	5	7	20136	0.8	3407
1	-1164	3	1	44	3	6	32063	0.5	3810
0	1847	3	2	13	2	1	6897	0.45	156128
1	1302	1	1	32	5	7	36137	0.45	7693
0	19046	4	0	4	1	1	49465	0.25	105525
0	15980	5	2	18	4	2	30867	0.05	194245
0	9981	6	0	7	2	2	44235	0.6	3786
1	-5571	6	2	32	2	7	38047	0.6	4373
1	-3218	3	1	47	5	3	1723	0.45	9475
1	-3665	1	2	42	4	7	44141	0.5	5758
1	-1911	3	0	29	5	5	3558	0.4	7067
1	-8310	2	0	34	3	3	45204	0.85	5368
0	11924	6	2	18	4	1	5356	0.4	84054
0	17797	6	2	24	4	2	1266	0.1	83381
1	672	5	0	29	4	7	5562	0.7	8541
1	1992	4	1	24	5	3	12418	0.55	3010
1	-9680	2	2	20	2	5	18895	0.8	8100
1	-6088	6	0	42	5	6	35419	0.65	5052
1	-8218	2	2	30	2	2	21582	0.4	5726
0	10874	5	3	24	3	1	2101	0	60176
1	-2293	2	2	26	2	7	20697	0.6	7811
1	740	3	2	41	2	7	2088	0.35	9031
1	-2654	1	3	25	5	5	8340	0.35	7193
0	12663	6	0	22	4	2	26690	0.6	124661
0	13514	3	1	27	2	2	24918	0.15	115000
1	659	1	0	26	5	5	18804	0.55	8853
0	831	3	1	27	3	1	45386	0.55	40889
0	2933	2	2	25	3	2	30861	0.25	149265
1	-1092	3	1	42	5	5	17454	0.6	3689
1	-535	3	0	27	3	5	35673	0.3	6553
0	13877	4	1	28	2	4	7233	0.3	168738
1	-7269	2	2	47	5	5	14579	0.9	4480
1	-6970	3	0	41	5	7	43630	0.35	4013
1	1204	2	1	22	5	6	16417	0.85	9298
0	7278	5	2	23	2	2	9309	0.3	19798
1	-8544	3	2	43	3	7	5332	0.4	7856
1	-5696	1	2	42	4	5	39499	0.55	8699
0	12831	6	3	15	4	1	27681	0.3	127711
0	1085	6	2	3	2	2	45081	0.2	187552
1	-9209	1	0	47	2	7	15785	0.6	4734
1	-4481	3	1	45	4	4	24560	0.75	9030
0	8346	4	0	4	4	2	45715	0.3	164496
0	7945	6	3	18	1	2	36131	0.15	27263
0	1719	6	2	24	1	6	18531	0	59299
1	-1125	2	1	23	4	5	29510	0.75	7550
1	-5186	2	0	44	3	5	18765	0.55	7369
1	-800	3	1	27	3	7	22838	0.9	5168
1	1108	3	1	30	3	7	17662	0.35	2092
0	-591	4	3	19	4	3	6188	0.5	55033
0	16809	3	3	1	4	1	47127	0.2	164234
1	-8086	5	3	42	5	5	19967	0.75	5395
0	52	5	2	30	3	2	28849	0.2	45604
0	6248	6	3	15	2	4	32705	0.25	16813
0	1358	4	2	19	4	2	26307	0.25	138334
1	459	1	0	39	2	7	2978	0.7	6966
0	11391	6	2	21	4	2	11158	0.5	51339
1	-7056	3	2	32	5	7	17581	0.55	9323
1	-365	1	0	28	5	2	75	0.4	2119
1	1757	2	1	44	5	7	19360	0.75	3483
0	5681	2	3	1	4	1	35216	0.2	151122
1	595	2	1	31	2	5	9883	0.6	5868
1	-9398	3	0	43	3	7	23454	0.4	3087
1	-556	2	1	46	5	6	42481	0.4	3187
0	141	4	1	11	1	4	22151	0.6	42489
0	10931	5	1	27	2	2	34309	0.3	75972
1	-1409	3	3	26	4	7	44834	0.5	6638
0	3452	4	2	29	1	1	19970	0.05	66865
0	14530	6	2	14	2	2	35455	0.05	75626
0	18055	6	1	10	1	3	43560	0.6	84540
1	-5399	4	0	46	3	7	46976	0.5	4969
1	-7229	2	2	36	3	7	45460	0.35	3164
1	1245	2	0	47	3	7	20083	0.65	3713
1	1735	2	2	26	3	4	24660	0.8	5287
0	-569	5	2	25	3	2	30274	0.3	71175
0	9097	5	3	8	3	1	25347	0.15	15152
0	1845	6	2	13	2	1	7851	0.1	136261
1	-6180	1	1	46	5	7	47512	0.3	2118
1	-2091	3	0	31	4	7	49380	0.35	4485
1	1050	3	3	33	4	7	2168	0.45	5236
0	5363	6	1	9	1	3	21318	0.35	136109
1	-1374	1	1	29	2	5	30464	0.85	3778
0	-148	4	2	9	4	1	4089	0.4	103777
0	2103	6	3	5	3	4	27587	0.35	18922
1	-4966	1	0	50	5	4	14311	0.55	6397
1	-8145	1	1	45	2	7	32143	0.85	3140
1	-102	1	2	40	3	7	18393	0.3	5035
0	1247	4	1	15	4	2	43771	0	21706
0	1334	6	0	4	2	2	24965	0.05	149448
0	6694	6	0	22	1	2	17372	0.55	134717
0	9336	6	3	4	4	2	36501	0.25	122132
1	-508	2	1	48	5	7	44500	0.6	4274
0	2618	3	2	1	4	1	47766	0.05	26605
1	-1085	2	0	38	3	7	30209	0.75	6490
0	6221	3	0	22	3	4	15658	0	56614
1	-7589	1	2	34	2	7	35891	0.35	8749
0	10401	6	2	20	4	2	45056	0.25	45415
0	2797	4	3	4	4	2	38205	0.4	120141
1	1993	2	0	44	3	7	4117	0.3	4588
0	10992	6	0	27	4	1	46467	0.2	130385
1	-8162	3	0	22	5	5	7102	0.65	310
1	-5921	1	0	21	3	4	45784	0.8	9606
1	-9797	2	0	47	2	7	40299	0.55	2028
1	-2228	1	0	23	2	7	27084	0.9	4669
0	3875	4	3	18	3	1	26587	0.05	68536
0	15219	6	1	10	2	3	15892	0.3	53355
0	8664	6	3	29	1	3	24809	0.05	13901
0	17393	2	2	18	1	1	24439	0.15	23563
1	-9534	1	2	41	5	7	35703	0.6	4820
1	-2235	2	0	23	4	7	33351	0.8	9689
1	-8317	1	0	27	4	7	7942	0.65	6804
1	-7469	2	0	25	4	7	35883	0.65	9336
1	-7362	2	1	35	3	4	44871	0.65	4705
0	1680	6	3	9	3	2	11858	0.1	3637
0	14024	6	2	18	3	1	4968	0.3	155196
1	-7786	3	0	21	5	7	21814	0.75	5328
0	1906	6	3	2	4	5	41814	0.25	135027
1	-5487	4	0	49	2	2	13885	0.3	371
1	507	1	1	43	3	4	40710	0.6	2999
1	1849	2	2	43	4	5	30143	0.3	3182
1	1685	4	1	24	5	7	42603	0.7	172
1	-6012	3	0	44	5	7	26277	0.45	214
1	-143	2	1	24	5	6	25330	0.85	3602
1	-105	1	1	39	3	7	31300	0.6	8587
1	-9451	3	1	26	2	7	10036	0.55	30
1	-256	1	0	50	4	7	29316	0.4	2409
1	1363	1	0	47	3	5	31315	0.9	3939
1	-85	2	1	34	3	6	34251	0.65	6050
0	9675	6	2	9	4	4	3438	0.5	157933
1	-1213	2	0	22	2	6	37248	0.3	9819
0	16715	6	1	1	2	1	19584	0.45	133391
1	-5379	2	3	26	5	4	3835	0.35	407
1	-1509	1	2	32	3	2	49246	0.4	3273
0	15100	5	3	12	1	2	26740	0.25	180260
0	941	5	3	24	4	1	1767	0.35	54190
0	6070	6	3	12	1	4	3945	0.3	140027
0	8791	5	3	19	3	1	34333	0.1	154040
0	6480	5	2	25	3	1	42383	0.05	43419
0	4468	5	1	26	2	1	46193	0.45	193805
1	-4751	2	2	21	3	5	37224	0.35	4316
0	8180	6	2	11	4	1	24555	0.1	74675
1	-2088	1	0	45	2	5	33837	0.7	9377
1	-700	3	0	40	3	4	49862	0.3	8962
0	16643	5	1	4	4	1	328	0	66627
1	-4530	2	0	20	5	3	9542	0.35	7157
1	-2876	1	0	36	4	7	36380	0.75	9528
0	11294	6	2	7	4	3	15161	0.1	66309
0	15621	6	2	14	4	1	19618	0.25	80538
1	-3183	2	2	36	4	4	42862	0.5	202
1	-1580	3	0	47	3	6	24558	0.5	8901
1	-9538	3	2	49	4	4	46419	0.35	6094
1	767	4	1	33	5	7	8755	0.35	1342
0	11419	6	2	26	4	3	38652	0.35	153694
1	885	3	2	35	2	7	47482	0.4	3099
0	-35	5	3	6	2	2	43269	0.45	65673
1	-6696	1	3	36	4	6	29467	0.3	4131
1	-914	3	0	50	4	5	29294	0.85	3471
0	5529	4	1	2	4	2	48073	0.6	135416
1	1349	2	3	29	3	4	12647	0.8	2897
0	5429	4	3	29	4	2	14958	0.15	141869
1	-4308	2	0	49	2	4	40389	0.75	4616
1	-4526	2	2	22	2	6	27732	0.85	5475
1	1161	1	1	41	3	4	46164	0.85	2750
1	-257	4	2	40	3	7	19049	0.8	7511
0	17419	4	3	13	4	2	26573	0.25	159391
0	-364	4	1	28	3	1	26963	0.05	151292
0	18133	6	1	3	3	2	30452	0.55	72479
0	15552	6	3	13	3	2	29493	0.55	192444
1	-8596	3	0	34	2	7	14577	0.65	6624
0	4158	6	2	23	2	4	20635	0.05	191216
1	-2250	2	0	48	2	7	712	0.75	8468
0	8102	4	3	2	1	1	22236	0.35	149894
0	13807	5	3	27	4	1	31163	0.05	3847
1	-3612	1	1	36	5	5	41730	0.4	4573
1	-4178	1	0	43	5	5	28641	0.85	6698
1	-3896	2	1	42	4	6	17003	0.3	9207
1	346	3	3	20	4	7	48100	0.3	260
0	17990	6	3	20	4	1	38017	0	140846
1	-6568	1	0	30	5	5	36874	0.4	4835
1	-1045	3	2	42	5	5	34079	0.7	62
1	-1402	1	1	45	3	6	6746	0.45	9276
0	-162	5	0	18	4	2	24169	0.3	159737
0	5812	6	1	7	4	1	20153	0.3	113227
1	-6558	1	0	29	5	6	24564	0.55	8756
0	3443	6	1	13	3	2	11171	0.4	51138
1	-5116	3	0	22	5	6	4775	0.4	5696
0	2653	4	2	7	1	1	12125	0.35	193631
1	-6908	3	2	23	3	3	7194	0.45	2249
0	10877	5	3	15	2	1	40731	0.15	18612
1	-4221	2	1	22	5	7	8561	0.55	9348
0	3711	6	3	9	3	2	26114	0.4	52513
1	-2749	1	1	41	2	7	32112	0.45	364
0	19098	6	3	18	2	1	10095	0.2	43708
1	-3896	2	0	33	5	5	13468	0.75	7563
1	-896	1	1	25	5	6	48477	0.8	5040
1	-7005	2	2	20	3	6	31526	0.9	3322
1	-279	3	0	40	5	5	25858	0.8	4308
0	15059	6	3	1	1	2	5555	0.25	99502
0	12317	5	3	20	2	1	13779	0	45375
0	7509	5	0	28	2	1	2091	0.3	49787
1	-7026	2	0	47	3	5	24798	0.6	5633
1	-1269	6	1	50	3	7	18225	0.8	8920
1	-7491	2	0	26	3	7	23378	0.5	9201
0	4826	6	2	7	4	4	18185	0.15	147291
0	2204	5	2	12	2	2	24313	0.25	77603
1	1812	1	0	31	2	6	5323	0.3	8958
1	-1120	1	1	21	3	7	42079	0.75	1601
0	5080	6	3	6	2	2	774	0.05	56639
0	5840	3	2	25	4	2	17971	0.55	77742
1	-7214	2	0	29	5	3	31962	0.8	6249
1	-1883	3	1	45	3	6	15767	0.45	1826
1	-2890	2	3	41	2	7	15022	0.65	1607
1	-7140	2	0	31	4	6	6564	0.4	9289
1	1276	1	1	24	2	7	5466	0.55	7820
0	18164	5	0	25	4	6	47422	0.15	47800
1	-3380	2	3	28	5	2	3770	0.35	5779
0	5056	5	2	25	3	1	24844	0.3	110252
0	7074	5	1	11	3	2	38513	0.15	118497
1	-8366	2	3	39	3	7	2828	0.55	5933
1	-9287	4	0	34	5	7	32576	0.8	1081
0	6899	5	2	24	4	4	2886	0.55	19916
0	749	3	2	14	1	1	40456	0.35	145609
0	7391	4	3	16	2	1	9143	0.6	29099
0	12166	5	3	5	2	4	12083	0.35	124672
1	945	1	2	49	4	7	7299	0.45	3556
1	-4490	1	0	36	5	5	28201	0.4	8880
0	16066	6	1	14	4	1	1032	0.45	44328
1	1928	1	1	38	4	6	40693	0.5	3625
1	-9851	3	2	21	4	5	27963	0.5	7313
0	15500	5	2	22	4	1	33147	0.3	1528
1	-7109	2	2	48	4	7	31212	0.8	9568
1	-8430	4	2	25	3	4	37414	0.85	8389
1	-7060	2	0	46	5	7	43039	0.75	2851
0	11643	5	3	23	3	1	6554	0.45	109029
0	3307	4	2	2	2	1	31067	0.05	182804
0	13031	4	1	20	3	1	18571	0.35	95461
1	-7157	2	1	50	5	7	2603	0.3	6896
0	4050	5	3	5	1	2	27163	0.35	80250
1	369	1	2	23	4	6	21238	0.9	2131
1	-565	2	2	46	5	7	16260	0.65	9887
0	4709	6	3	5	3	2	9752	0	141934
0	5394	3	3	25	1	2	11465	0.15	88163
0	4734	5	2	24	1	6	17747	0.2	12826
0	14740	6	3	25	3	2	16407	0.4	56330
0	4404	6	3	16	4	3	21421	0.2	129278
1	-9448	2	0	41	4	6	12604	0.85	6913
1	-8937	2	2	21	2	6	48006	0.45	4969
1	-1818	1	0	40	5	4	33402	0.7	6656
0	12262	4	3	2	4	1	7438	0.4	87966
0	5291	4	0	26	4	1	20173	0.3	94686
0	18701	5	3	19	4	2	48937	0.55	34747
1	-8022	2	1	29	5	4	10971	0.85	7950
1	358	3	1	44	5	6	24895	0.8	8293
1	1953	1	0	41	5	7	5929	0.4	4310
1	-4330	1	2	48	4	6	13886	0.8	7824
1	-8641	2	2	30	4	7	41907	0.8	9608
0	8714	6	3	24	2	2	13433	0.1	190146
0	7493	5	1	5	1	1	47917	0.4	188407
1	-1308	4	0	24	5	5	26424	0.3	4527
0	6975	5	2	28	4	3	2628	0.3	131163
1	-4472	1	1	34	3	7	45680	0.4	1113
0	14835	3	3	13	2	2	27108	0.45	163003
1	1227	1	0	38	5	4	39798	0.65	9852
0	4545	6	2	4	3	1	43551	0.55	40095
0	13980	6	3	8	1	2	33092	0.05	191774
1	-8954	1	0	30	2	7	3350	0.55	6520
0	11935	1	3	6	2	2	20481	0	80927
0	18667	5	3	9	2	1	47769	0	22974
1	-449	2	0	28	4	5	35419	0.5	5691
0	3347	5	0	4	4	4	46757	0.55	140340
1	-1686	2	0	22	2	4	34901	0.55	8997
0	1024	1	2	21	4	3	47451	0.3	152337
0	14116	5	3	11	4	1	40100	0	59902
1	-8289	2	1	34	3	3	31416	0.5	7355
0	5611	4	0	8	1	1	9477	0.4	154198
0	18727	4	2	17	2	2	17954	0.25	21793
0	19874	4	2	24	4	4	32547	0.55	135089
0	17702	4	2	16	3	6	41382	0.05	83601
0	13695	6	3	16	4	1	31092	0.5	140268
0	9136	5	0	26	4	1	28627	0.55	184274
0	-435	4	3	29	4	2	40099	0.3	121981
0	18030	6	1	25	4	3	39707	0.45	102382
0	15454	3	1	15	4	2	5171	0.1	141047
1	-9668	2	0	29	5	7	34164	0.5	3402
1	-5650	1	3	23	4	4	30632	0.9	4811
1	-3372	1	1	49	5	5	7044	0.35	9010
0	14561	5	2	30	1	5	19880	0.1	138546
1	-4737	2	3	45	3	7	20460	0.55	6031
1	-1314	3	2	30	3	4	26292	0.45	1734
0	11200	4	3	25	4	3	19363	0.3	141682
1	-3910	2	3	47	4	3	43922	0.55	8274
0	7344	6	3	29	3	2	11843	0.05	78286
0	8089	6	3	22	4	3	1205	0.35	141292
0	13235	5	2	10	4	2	39638	0	34393
1	-458	1	0	25	4	7	16420	0.3	8801
0	13549	5	3	2	3	1	327	0.35	137619
0	8324	2	3	18	1	1	7841	0.55	122482
0	561	4	3	27	4	1	21984	0.2	125616
0	14348	6	2	23	3	2	11120	0.15	44408
0	9105	6	2	2	2	4	45022	0.25	111007
0	12775	5	3	24	4	6	1851	0.25	175978
0	11729	6	2	14	3	2	26959	0.45	185404
0	19812	6	2	18	2	1	49626	0	48631
0	49	5	2	2	3	1	16624	0.1	131894
1	726	2	1	21	2	2	46395	0.75	5716
0	3070	6	1	20	2	2	29421	0.35	143672
0	17970	5	0	5	3	4	6825	0.1	164890
0	15342	6	2	3	1	3	39078	0.45	126206
1	-4663	1	0	29	4	7	7189	0.7	7724
1	1352	2	0	41	5	7	4512	0.6	4400
0	6552	5	2	16	3	1	45423	0.2	78890
1	-7685	3	2	50	5	6	20167	0.7	1785
1	-1489	2	3	29	2	7	14409	0.35	2652
1	-238	1	0	46	4	7	13514	0.75	8343
0	3082	5	1	20	1	2	19454	0.15	139171
1	-4631	1	2	35	3	6	27896	0.5	9611
0	14025	3	3	17	4	1	9819	0.6	102352
1	-3639	3	1	40	5	7	41800	0.6	4090
0	14316	5	3	2	4	1	35436	0.3	169393
0	-437	4	0	2	3	1	24803	0.25	160889
1	921	3	0	42	4	4	19729	0.9	2488
0	17495	5	1	13	1	2	29242	0.05	179487
0	15610	5	2	30	1	2	11323	0.35	176485
0	4682	4	3	23	4	1	8280	0.15	195163
0	9978	4	3	12	3	2	40338	0.15	169383
1	-5597	1	1	36	4	5	25968	0.55	5582
0	13360	6	3	14	2	1	35968	0.5	149834
1	500	1	1	42	3	2	1501	0.45	4749
1	-6004	2	0	46	5	7	44884	0.3	214
0	12879	5	2	21	4	1	24025	0.4	123710
0	11945	5	2	8	2	2	11758	0.4	63709
0	15109	5	3	18	4	1	40891	0.3	16392
0	6740	5	2	4	2	4	8820	0.25	33978
0	14014	6	3	15	1	3	10549	0.55	150519
1	664	2	1	32	2	7	40186	0.6	1572
0	7378	6	3	24	4	1	41175	0.2	34337
0	18215	4	2	7	1	5	2633	0.2	153735
0	3538	4	0	13	2	3	45330	0.05	139510
0	12310	4	2	10	2	3	46931	0.6	190376
1	-7395	3	0	26	4	7	17077	0.35	8567
0	18876	4	2	13	2	1	136	0.1	158721
1	-9885	1	0	21	5	6	5832	0.8	892
0	9608	6	3	25	4	1	45028	0.2	27322
1	1083	1	0	36	4	7	40900	0.4	7001
1	-2756	3	2	44	3	7	31599	0.75	1133
1	-8612	2	3	31	5	5	11145	0.9	9789
0	10546	3	3	15	2	2	40032	0.2	126267
0	19769	2	2	9	4	4	7948	0.1	92195
0	689	4	3	10	3	4	12026	0.25	67310
1	-866	3	0	32	3	7	45814	0.5	864
1	-1077	3	0	20	2	4	49977	0.4	3539
1	-8131	1	2	25	5	4	34762	0.3	8357
0	2760	3	3	3	1	1	36440	0.35	151358
0	18310	4	3	12	1	1	14768	0.15	41511
0	14211	4	1	1	3	1	26614	0.6	22457
1	-7914	1	0	35	3	5	20543	0.6	6934
0	-216	6	3	29	4	1	6745	0.5	149588
0	6031	6	2	19	1	2	29039	0.3	87277
1	-3800	2	0	39	5	7	36840	0.8	746
0	12224	6	1	30	4	2	19226	0.6	97763
1	-4273	2	2	38	5	7	16375	0.9	2284
1	-193	1	3	26	5	3	2296	0.75	1950
1	-1648	2	0	45	5	7	47540	0.75	5294
1	1480	1	2	45	4	7	39608	0.85	6008
1	-7811	1	1	40	4	5	3328	0.85	5857
1	-7583	1	0	49	5	5	31806	0.55	1622
1	-2492	2	0	20	5	5	31625	0.3	9117
1	1611	1	0	48	2	7	39064	0.4	2557
0	9059	5	1	27	4	2	18228	0.35	123240
0	12285	6	3	10	3	2	1637	0.45	14133
0	-169	5	3	26	3	3	13782	0.35	93916
0	837	5	2	7	3	3	44243	0.55	47837
1	-1623	1	1	38	5	7	30452	0.65	1414
1	24	1	1	48	5	7	3055	0.35	8569
1	-6742	2	0	37	5	7	23598	0.55	5088
0	7512	6	3	19	3	1	32749	0.6	183569
1	-8715	2	2	46	5	6	10837	0.55	1007
0	12929	5	1	3	2	1	28800	0.6	176174
1	383	2	2	43	2	6	29827	0.3	688
1	-441	1	3	26	5	7	9275	0.4	9083
0	2478	4	3	15	4	2	8001	0.25	160074
0	16785	1	0	1	1	4	37067	0.1	8016
1	-9821	2	0	30	2	7	2717	0.75	5697
1	-4331	2	1	27	2	3	14711	0.8	9959
0	17203	6	3	20	2	1	4118	0.15	63959
1	-1045	1	0	44	2	7	28267	0.9	2382
0	4613	3	2	11	2	2	5739	0.05	166714
0	18701	5	1	28	3	2	14351	0.5	178764
0	6406	3	2	27	3	1	7974	0.4	111532
1	-2324	1	0	22	5	7	24926	0.8	5706
0	1105	6	3	24	3	2	25134	0	134462
0	4012	6	3	10	1	5	33990	0.55	160512
1	-5610	2	0	47	2	6	43212	0.3	9518
1	1273	3	3	22	5	4	29324	0.55	4199
1	177	2	0	49	5	5	17692	0.75	4478
0	19143	5	3	16	4	1	34732	0.25	145548
1	-4866	2	1	21	5	7	33196	0.5	6760
0	19282	5	3	29	4	2	671	0.35	16865
0	7409	4	1	14	4	1	21945	0.35	113298
1	-5447	1	0	37	5	6	40133	0.6	8338
0	6168	6	1	16	4	6	41111	0.45	157907
0	6971	5	3	19	1	1	36542	0.55	176794
0	17310	5	3	25	2	1	22224	0.1	108601
0	151	6	0	25	3	1	1879	0.15	66890
1	-6702	2	0	22	4	5	21537	0.6	8567
1	-9176	2	1	26	5	6	39638	0.35	6705
1	-6826	2	2	25	4	6	20474	0.55	8604
1	-8244	1	0	26	2	7	41486	0.7	8201
0	4860	6	3	7	1	4	41204	0.35	122432
0	17554	4	3	18	1	3	33555	0.3	197239
0	2873	6	2	29	2	1	15935	0.55	67487
1	1463	4	0	23	2	7	3512	0.35	4124
0	2053	3	2	19	2	1	29075	0.2	158365
1	112	4	2	49	3	7	19018	0.5	326
0	11144	6	3	3	4	1	43509	0.05	197474
0	3695	5	0	14	2	1	4188	0.35	51160
0	1934	5	3	23	4	2	6663	0.35	185389
1	-2549	1	2	30	5	6	46245	0.3	2211
0	7192	6	2	20	2	1	43064	0	79969
0	19521	6	3	20	2	2	21140	0.1	82244
0	971	5	2	30	1	1	20465	0.2	132491
1	-6303	2	1	47	5	7	22714	0.8	2064
0	8773	5	2	18	1	1	24293	0	153438
0	15600	4	3	25	2	3	30458	0.6	190474
0	2838	4	3	3	4	1	19228	0.55	28924
1	-5363	1	0	38	5	5	40591	0.55	7672
1	2	1	3	21	5	7	26497	0.75	3132
0	12969	5	3	3	2	1	36622	0.3	180357
0	8896	5	3	6	1	2	34134	0.45	131973
0	12240	5	0	3	4	1	46633	0.05	49177
0	10655	5	2	12	1	3	25860	0.1	188703
1	-3808	1	1	50	4	6	42690	0.3	65
0	2845	4	2	24	1	1	30734	0.1	51230
1	-9648	2	1	38	5	6	43286	0.35	7777
1	-8818	3	0	23	5	5	9216	0.4	491
1	-3661	2	3	37	3	4	41087	0.4	9414
0	4958	5	3	13	3	4	49203	0.5	77644
1	-6730	2	2	31	2	7	23775	0.65	9457
1	64	1	2	21	2	7	14804	0.75	2085
0	15456	4	3	24	3	2	28592	0.4	60786
0	12860	6	1	9	4	2	20666	0.25	106792
0	2634	5	2	21	1	2	21538	0.6	122049
0	9296	5	3	5	2	1	8397	0.25	77444
1	-9017	2	2	46	4	3	17298	0.65	6546
1	-2520	1	2	36	4	4	35940	0.8	7251
1	-852	2	0	34	5	6	30853	0.55	321
0	4985	3	3	26	3	2	36482	0.15	142275
1	-9710	1	3	24	2	6	6175	0.35	6670
1	-2567	2	1	46	5	7	23006	0.35	4591
1	-515	2	0	25	4	6	28317	0.75	5661
1	-6836	3	1	33	4	7	46765	0.85	9
0	6135	2	1	3	1	2	31243	0.2	144776
1	-2218	2	1	37	5	7	25458	0.5	6416
0	8974	5	3	8	1	4	4476	0.05	38244
0	3064	5	2	26	1	4	44905	0.15	127122
0	15869	5	3	5	3	3	23977	0.35	109393
1	1377	1	1	36	5	7	36986	0.45	1886
1	-3104	2	1	27	4	5	27078	0.85	5407
0	13471	4	3	19	4	4	6715	0.1	198815
0	435	5	1	10	4	1	16517	0.2	5239
1	-7072	3	0	45	4	6	21118	0.5	8411
1	-4601	2	0	27	5	7	27478	0.85	9962
1	783	3	3	42	5	7	19385	0.5	403
0	2791	6	1	20	2	1	13065	0.45	1213
1	1791	1	0	20	5	6	2093	0.55	687
0	8723	4	2	30	4	1	1861	0	177333
0	17563	6	2	23	1	4	41908	0.55	155579
0	19333	6	3	5	4	1	47801	0.55	118514
1	-1878	2	3	24	3	7	19647	0.85	8138
1	-2820	1	1	44	5	5	37292	0.3	5202
1	-8000	2	2	26	5	5	19498	0.9	5325
1	-1296	1	1	30	4	5	49958	0.9	340
0	3429	6	2	19	2	2	30612	0.4	177546
0	19064	6	3	17	4	4	20862	0.25	48848
0	1028	3	3	28	1	3	37931	0.15	75424
1	-1580	4	0	45	3	6	24691	0.6	1597
1	-9966	2	2	49	4	6	28784	0.6	68
1	-6428	3	1	33	2	7	44625	0.8	8525
0	19913	4	3	24	4	1	22513	0.15	180602
1	-1784	1	0	25	5	7	14984	0.6	8385
1	-6057	1	3	49	2	7	40648	0.75	3025
1	1625	3	1	29	4	5	41677	0.35	254
1	-6564	2	0	43	4	4	34421	0.75	9425
0	12063	6	2	29	2	1	14114	0.15	104710
0	11437	6	0	2	2	1	16774	0.55	73616
0	18383	6	2	13	1	6	42973	0.25	80706
0	17846	6	2	23	1	3	46261	0.05	115854
0	16813	6	0	22	4	1	23567	0.2	18519
0	5931	5	3	2	1	2	6308	0.05	25322
1	-6051	1	0	49	5	7	1321	0.6	643
1	-2711	2	0	22	3	5	43099	0.5	9503
0	7270	4	3	30	4	1	14543	0.05	192032
0	15791	5	2	9	1	5	32212	0.4	29586
0	18697	4	3	12	4	1	20814	0	177400
0	13733	6	3	28	4	2	46380	0.1	194301
0	-269	5	2	26	4	2	46443	0.15	56680
1	-4239	3	1	45	2	7	37841	0.9	7404
0	18912	3	1	25	4	1	8529	0.4	117391
1	-9060	3	1	22	5	7	24439	0.45	8147
0	2025	3	3	28	3	2	36704	0.3	112641
1	-6471	1	0	34	5	6	48210	0.85	6187
0	16285	6	3	20	4	2	35272	0.05	158686
0	19494	6	0	5	3	1	47112	0.25	42094
0	3890	4	3	22	3	1	14602	0.6	104345
0	13548	6	2	2	1	4	13291	0.2	81621
1	-8294	3	2	38	5	4	13313	0.45	6706
0	2062	6	0	21	1	2	17325	0.45	59509
1	660	3	0	25	2	7	23621	0.5	4686
0	732	4	3	16	1	1	44439	0.5	109702
1	-7506	1	0	47	2	4	42512	0.5	2125
0	16677	5	2	1	4	4	41751	0.1	87687
1	-9876	1	2	31	5	7	12611	0.55	2571
0	5257	6	2	20	1	1	1684	0.2	170840
0	12736	6	0	14	4	4	9560	0.35	162984
1	-7134	3	0	38	5	7	38935	0.7	9900
0	7445	6	3	4	1	2	11621	0.2	92264
1	-4938	1	1	25	5	7	44657	0.4	4339
1	-16	5	2	20	3	2	47495	0.35	8400
0	11124	4	0	27	4	5	6747	0.2	89080
0	14635	6	3	28	2	4	39629	0.1	146434
0	7235	5	3	6	4	3	16677	0.1	174182
1	-230	2	1	25	2	7	21330	0.4	535
0	3600	5	3	10	4	1	26740	0.25	34384
1	-3300	1	1	28	2	4	37761	0.3	8773
0	8083	5	0	4	1	5	23507	0.35	11054
0	16743	6	0	18	2	1	29614	0.1	76236
0	4685	4	2	22	4	3	2696	0.25	53924
0	7250	4	0	10	1	1	26441	0.1	178699
1	-7340	3	3	49	4	6	25975	0.35	8111
0	4409	5	3	28	4	6	47646	0.5	184408
1	61	4	2	50	5	6	4256	0.65	8867
0	19109	5	2	6	2	2	22059	0.2	144079
0	-888	3	2	4	3	3	15746	0.55	167518
1	-2206	3	0	33	4	5	21971	0.85	5305
1	-9586	2	0	47	4	6	24993	0.35	8527
0	8190	6	1	30	1	1	10002	0.6	11361
0	9787	3	3	23	1	4	11852	0.45	95521
1	-3375	1	2	45	2	7	12077	0.8	6583
1	-1850	1	0	23	5	4	41986	0.3	6764
0	17433	4	1	28	3	2	6659	0.15	111707
1	-6598	3	2	46	3	3	6333	0.9	8512
0	15691	6	2	10	2	2	4209	0.55	58303
0	6185	3	2	18	4	1	23642	0.25	30528
0	10959	6	3	9	4	1	17796	0.3	118118
1	680	6	0	50	3	6	8139	0.35	4494
0	6167	2	2	26	2	1	8582	0	18334
0	2625	4	3	6	4	1	41762	0.6	159110
0	7682	5	1	10	3	3	9172	0.6	5010
1	-1203	3	0	40	5	6	11965	0.65	2602
1	-9623	3	2	35	4	7	27970	0.7	4347
1	-7473	2	0	42	5	4	15236	0.35	3446
0	445	5	0	4	3	2	25654	0.55	103779
0	19877	6	1	13	4	4	29061	0.5	92276
0	10824	3	3	1	3	2	7667	0.45	113025
0	11134	5	0	11	2	6	15585	0.05	131406
0	2022	3	3	14	1	1	441	0.45	155666
1	-2305	2	0	48	2	6	35408	0.75	1333
1	-1674	2	2	47	4	5	13827	0.9	8443
1	-5094	1	3	28	5	6	19333	0.3	2596
1	-4069	3	1	38	5	7	13754	0.45	9918
0	12760	4	3	6	2	3	47570	0.35	174133
1	-8724	3	2	29	3	7	4880	0.35	5771
1	-8991	2	2	25	5	5	43137	0.8	8287
0	2953	6	2	15	4	4	29512	0.3	11742
0	12545	5	2	22	4	4	8166	0.2	104990
1	1395	2	0	34	5	7	29486	0.45	5458
1	-9015	4	1	20	3	6	5632	0.35	4758
0	12842	4	1	6	3	1	45353	0.3	183600
1	-2584	2	1	39	4	6	20973	0.45	3891
0	19413	4	1	27	4	2	46548	0.15	3496
0	1135	4	3	17	3	2	39607	0.55	175284
0	-388	6	3	26	2	2	35645	0.6	103799
1	-7622	2	1	46	5	7	20052	0.85	9516
1	-7216	3	2	24	2	2	14903	0.55	7498
0	2282	6	3	18	3	1	26370	0.25	114771
0	5344	5	1	1	1	3	41064	0.2	143402
0	9493	5	0	5	1	2	29644	0.25	160858
1	946	1	3	45	4	5	47282	0.8	3026
1	-6274	3	0	31	5	5	20802	0.45	1498
1	-3398	3	0	27	2	6	19845	0.45	7287
0	15499	4	0	22	4	4	2508	0.05	38810
1	-3152	2	1	37	5	6	832	0.9	7209
1	-463	2	0	29	5	7	46007	0.35	1230
1	-1501	3	1	46	5	6	42069	0.4	1425
1	-5301	1	1	32	5	7	28986	0.5	3635
1	-7394	3	0	31	4	7	16941	0.35	6837
0	-431	4	3	20	2	2	34541	0.3	84232
0	13318	5	1	5	1	4	42663	0.3	61550
1	1271	3	1	46	3	7	17500	0.8	3540
0	14612	5	3	21	2	2	39236	0.25	155245
1	-1233	6	3	25	5	5	6314	0.3	8035
1	-8377	2	0	40	3	6	45918	0.5	1590
0	2999	5	1	9	2	1	24766	0.15	28679
1	-6911	2	3	26	5	7	22103	0.65	1721
1	-8749	1	0	47	5	7	27468	0.55	3781
0	17706	5	1	18	1	1	32088	0.25	139327
1	-587	2	1	45	3	6	20173	0.3	3024
1	-790	3	0	37	5	6	34254	0.3	7150
1	-6049	5	1	42	5	7	34658	0.35	2988
1	-887	2	0	34	3	5	49179	0.65	684
1	-9191	3	0	24	5	7	49862	0.35	9189
0	4670	5	3	1	4	2	30741	0.1	150438
1	-9852	3	1	25	4	7	150	0.6	8442
1	-8715	3	1	32	2	4	19047	0.5	7095
0	5814	4	3	7	4	2	37093	0.3	57262
1	-1864	3	1	42	3	7	21148	0.65	2312
0	10954	6	3	1	4	1	782	0.45	66529
0	10040	4	0	9	3	1	27237	0.35	101139
0	14995	5	3	27	4	1	43580	0.05	13521
0	1329	3	0	30	4	1	23776	0.3	124610
0	-167	4	2	5	2	4	19388	0.35	186180
0	5870	6	3	3	4	1	2250	0.6	34138
1	-4381	1	0	24	4	5	18081	0.7	7232
1	-1086	2	0	25	4	7	33566	0.6	5304
1	358	3	3	24	5	7	9126	0.55	5104
0	10127	5	1	9	4	2	39520	0.6	79506
1	-886	1	3	26	2	7	47398	0.7	2947
0	16019	4	0	30	1	2	2607	0.2	87814
0	16146	5	3	30	3	1	15769	0.35	79353
0	19311	6	3	8	3	1	8769	0.5	19984
0	11586	6	0	8	4	1	45561	0.15	164349
0	10422	5	2	28	4	1	4049	0.15	51432
1	-2821	2	3	40	5	4	11522	0.7	14
1	-4203	2	0	21	4	7	18806	0.75	3198
0	15619	6	2	1	3	2	31541	0.1	152861
1	-7762	1	0	20	5	7	15370	0.45	9027
1	-3659	1	1	39	5	7	17288	0.65	1504
0	12139	6	1	7	3	1	20752	0.15	179025
1	-2654	2	1	33	4	7	40932	0.85	321
0	5284	5	3	4	4	1	25357	0.15	109725
1	-2742	5	0	42	2	7	20855	0.5	6274
0	18111	4	3	7	4	2	3178	0.15	9250
1	-6384	1	0	20	3	6	46302	0.3	7668
0	6149	4	2	25	1	2	28834	0.2	167651
0	7451	4	1	17	4	1	26186	0.2	178324
0	10469	5	0	7	3	1	47431	0.25	124899
0	803	5	1	17	4	4	11773	0.1	87841
0	74	5	1	25	3	2	33111	0.45	35241
0	7335	4	3	28	3	2	24693	0.35	61870
0	16357	4	1	10	2	4	42837	0.5	129691
1	1004	1	2	34	5	4	6548	0.65	2566
1	-1330	1	3	28	5	6	48745	0.45	7398
0	1712	5	2	8	2	2	8639	0.5	19504
0	16917	5	2	9	4	4	33626	0.2	173990
1	-3260	1	0	41	4	7	2230	0.85	5372
1	-5575	3	1	29	5	7	17713	0.5	6436
1	-4243	4	3	20	4	4	20205	0.65	6744
1	832	1	3	37	2	7	22449	0.5	6647
0	16083	6	2	11	3	4	49921	0	52406
1	-7600	3	1	29	5	7	43004	0.35	1272
0	2120	6	1	28	2	1	25146	0.2	73458
1	-4524	3	0	40	3	7	6083	0.7	8895
0	7369	5	3	6	4	2	3543	0.6	143098
1	-7146	3	0	32	5	7	8890	0.7	9438
0	8075	6	3	1	1	4	20606	0.05	174182
1	-2460	1	3	43	4	7	34218	0.45	6236
0	18208	4	3	28	4	6	45740	0.05	109636
0	16433	6	1	24	2	2	15310	0.35	127832
0	16232	5	1	13	1	2	37514	0.25	111952
1	-5154	2	1	31	5	5	21307	0.65	8125
0	912	5	3	12	1	1	41803	0.15	45366
0	9748	6	3	12	4	2	40853	0.45	5474
0	10868	6	2	14	4	4	14098	0.45	72122
1	-8644	4	0	35	5	7	24400	0.8	8154
1	-9244	4	0	22	2	5	35912	0.6	2475
0	15655	1	0	14	2	2	33719	0.5	58988
0	19770	3	2	1	4	1	43339	0.05	18584
1	-7344	2	3	43	2	7	40794	0.8	3777
0	14152	5	1	28	2	2	46212	0.3	29707
1	-3934	2	0	38	5	6	49214	0.65	5366
0	6409	3	2	14	2	2	3549	0.5	88838
1	-909	2	0	33	5	4	14489	0.35	3029
0	833	5	2	3	4	1	32432	0	140511
0	9310	3	3	2	1	2	46507	0.25	94353
0	6190	5	0	17	2	1	27075	0.2	15844
1	-2558	1	0	28	4	7	42464	0.85	8758
0	5286	5	1	18	3	1	42320	0.45	24495
0	14388	6	3	14	4	3	3490	0	192797
1	-764	3	1	39	4	4	13338	0.45	9025
0	10160	4	1	5	2	4	45358	0.55	47465
0	3806	6	3	9	1	1	25813	0.05	163662
0	15806	5	1	27	4	2	26440	0.2	197799
0	10016	4	2	7	1	1	47912	0.1	47324
0	384	2	1	3	1	2	32206	0.35	23368
0	7343	4	3	26	2	2	12947	0.05	160576
1	-1457	3	0	45	3	7	26841	0.8	5613
0	-486	3	3	28	1	3	41002	0.3	189884
1	-9601	6	0	42	5	5	28564	0.85	6496
1	-6736	2	0	41	4	5	10987	0.55	5331
0	12616	6	3	11	4	1	18862	0.15	177710
0	17106	4	2	15	4	2	47501	0.45	159578
0	15163	6	3	29	4	4	3636	0.5	144487
0	18617	6	3	28	1	1	7797	0.3	32057
1	-3355	2	2	48	2	7	18637	0.9	3954
0	6148	4	3	23	1	6	10626	0.4	197148
1	451	1	1	31	5	5	43033	0.75	1015
0	2941	4	3	6	4	1	19767	0.45	132322
0	16216	5	2	8	3	2	42244	0.55	188093
0	14001	5	3	18	3	1	18605	0.35	141914
0	7755	5	0	25	2	4	7964	0.3	93612
0	6299	3	3	1	4	1	28884	0	179549
1	-1336	2	1	46	3	7	30440	0.4	9047
0	5325	4	2	26	3	6	30696	0.25	105679
0	4563	4	3	29	4	2	31061	0.15	78252
1	-1000	4	0	28	5	7	7831	0.35	1745
0	13001	3	1	21	2	2	7154	0	75769
1	-3895	4	0	36	3	7	31419	0.85	4693
0	19975	5	2	29	4	1	27687	0.1	34101
0	19907	1	2	17	2	1	43599	0.2	100491
0	-78	1	3	10	3	3	27972	0.3	138587
0	12829	3	3	7	3	2	34615	0	156037
0	10009	5	2	14	4	1	28073	0.05	144305
0	19097	6	2	22	3	1	21238	0.6	147791
0	11348	5	3	10	1	2	30707	0.05	132788
1	-9005	3	1	22	3	4	7582	0.9	5319
1	-2765	1	0	48	3	6	14477	0.85	1362
0	10846	5	3	21	2	1	26075	0.35	27649
1	-9421	3	0	26	5	7	45816	0.7	9620
0	7950	6	0	7	2	3	17792	0.2	47763
0	879	3	3	10	1	1	46398	0.5	74408
1	-6608	1	1	22	5	7	35944	0.4	5362
1	-8508	2	0	37	4	5	46911	0.45	1662
0	4929	5	2	6	4	2	18385	0.55	127833
1	-5631	3	0	29	2	5	46762	0.45	373
1	-4939	2	0	47	5	7	9745	0.85	8177
1	-350	2	3	42	2	5	10682	0.8	1318
0	12002	4	3	30	3	2	12454	0.3	168140
1	384	2	1	39	5	7	29290	0.55	7214
1	-3701	1	0	40	5	6	16541	0.3	477
1	-1181	1	3	35	3	6	9860	0.8	3586
1	-1256	2	2	48	5	7	15280	0.6	9093
0	19862	6	3	8	4	1	31726	0.6	16519
0	10001	5	1	27	2	2	23071	0.1	133872
1	-13	2	0	37	2	6	26840	0.35	5573
1	1788	1	2	49	4	7	33192	0.45	2094
0	19895	6	1	28	4	3	44041	0.1	142603
1	140	2	1	22	3	7	1819	0.65	4034
1	-5709	3	1	39	4	7	43099	0.6	1969
1	-1124	3	0	42	2	5	34278	0.6	3195
1	1530	3	0	37	5	6	340	0.55	4497
1	-5463	2	0	38	4	4	14734	0.8	5523
0	2893	5	3	19	1	1	45688	0.6	94817
0	-426	6	2	22	4	2	48862	0	194171
1	-34	1	1	40	5	5	49200	0.9	0
0	15209	4	1	14	3	4	18482	0.2	128084
1	-4029	1	1	41	5	7	43465	0.75	7389
0	10401	5	3	11	4	2	20310	0.4	79556
0	10832	4	3	29	4	1	49322	0.45	102360
0	3336	6	3	3	1	1	14004	0.35	75216
1	-3266	3	1	28	3	7	41630	0.4	607
0	-970	3	2	28	4	1	13512	0.6	6339
0	3903	3	1	1	2	2	4286	0.6	139574
1	-6832	1	3	21	4	5	8577	0.45	9686
0	14061	6	2	17	2	2	28612	0.15	100803
0	8041	4	2	14	4	1	27764	0.55	48315
1	-1283	1	2	39	3	7	15799	0.75	1766
1	-3316	2	1	37	2	7	47007	0.9	9855
0	13926	5	3	28	1	1	12962	0.1	17150
1	-4454	2	3	24	5	5	41439	0.75	935
0	440	5	3	29	4	1	49003	0.15	116186
0	15302	3	2	8	1	4	30616	0.1	4219
1	1323	1	2	30	5	7	29613	0.5	6442
1	-3746	1	0	28	5	7	9252	0.45	8732
1	319	3	0	32	5	4	17708	0.4	5791
1	-9955	2	0	28	4	4	33200	0.85	4537
1	-3796	3	0	45	5	5	48857	0.85	3398
1	1415	2	3	49	5	7	21975	0.35	8881
1	-9917	1	0	30	4	6	16945	0.4	5521
1	-3747	1	1	36	3	7	11611	0.6	3314
0	13428	4	2	24	1	5	9173	0	102909
0	16218	4	3	15	1	1	18873	0.05	37405
0	-2	4	1	11	4	4	7960	0.55	11848
1	-6416	5	1	40	5	7	14453	0.8	4778
1	-7789	3	0	35	5	5	21555	0.6	7061
0	7371	4	3	17	4	1	22869	0.15	94415
1	-8138	3	1	21	5	4	1248	0.9	9396
1	914	2	0	25	5	5	45465	0.6	7634
0	9400	5	3	3	1	2	20377	0.3	119846
0	12109	4	0	3	3	1	28325	0.2	38039
1	-2038	3	2	46	5	7	23118	0.35	3691
0	15968	5	3	13	4	1	18808	0.1	145327
1	-7306	2	1	24	4	4	20173	0.9	6905
1	-702	1	0	35	4	5	17906	0.45	7948
0	5467	5	1	13	4	6	2835	0.4	110460
1	1418	1	2	36	4	7	32856	0.35	6837
0	8913	5	1	23	4	2	16625	0.15	43907
1	-5277	4	1	44	5	5	9293	0.3	4283
1	-4727	3	0	45	3	7	13302	0.5	489
1	-488	1	1	29	3	6	35257	0.4	4303
1	1304	2	0	40	5	3	35099	0.8	8916
1	-1270	1	2	44	5	6	24064	0.35	9977
1	-1563	1	0	28	3	5	28133	0.9	4900
0	16779	6	2	23	4	2	22451	0.25	87902
0	19570	6	3	22	4	1	34245	0.45	22642
0	4834	3	3	30	4	1	43669	0.1	107444
1	-899	3	3	49	4	4	18081	0.7	3707
1	-9494	3	3	46	5	6	21783	0.6	8610
1	460	2	0	22	4	6	20615	0.5	7675
0	16180	5	2	2	2	1	37930	0.2	115122
1	-7576	2	1	40	4	5	49683	0.5	9022
0	15744	1	3	24	4	4	37678	0.05	72895
1	-283	3	0	46	2	7	40527	0.55	5012
1	813	2	2	27	5	4	17180	0.55	276
1	620	6	0	29	4	5	37531	0.65	4481
1	-7360	2	1	47	4	6	25358	0.5	4519
0	16708	5	2	26	4	1	21373	0.05	166209
0	11746	4	2	27	2	2	11670	0.1	180333
0	16811	5	3	17	2	6	13318	0.05	4115
0	12498	6	1	26	1	2	7677	0.25	86921
0	6238	5	2	24	2	3	49475	0.35	146205
1	-1725	2	0	48	5	7	33515	0.5	6675
1	-7042	1	0	27	4	5	12784	0.3	8335
1	-9949	4	0	22	5	3	38823	0.65	6620
1	-9095	1	2	36	5	7	4245	0.4	4003
1	-9261	2	1	41	3	5	38060	0.8	6031
0	6540	4	2	17	4	2	15035	0.55	90599
1	-4789	1	0	29	4	5	25640	0.9	5074
0	11390	5	1	1	4	4	12511	0.3	78137
0	8931	4	2	11	2	3	30906	0.05	163223
1	-729	1	0	23	5	6	318	0.35	1711
0	10244	6	3	7	2	2	3	0.1	61409
0	9621	4	1	7	4	3	35058	0.25	96205
1	-3453	1	1	48	4	7	4198	0.55	6186
0	13523	4	3	23	3	1	40077	0.6	2212
1	-1465	3	3	20	5	4	47111	0.5	2318
1	-2869	2	1	20	4	7	18794	0.4	2806
1	-6842	3	2	31	2	5	32041	0.75	3095
1	1213	3	3	41	5	7	35099	0.5	9820
0	17655	5	3	19	3	1	13199	0.4	149467
0	1430	3	1	4	4	1	4932	0.15	145614
1	-2470	3	0	21	4	7	17621	0.75	2597
0	17966	5	2	5	4	2	3524	0.4	190399
0	14743	6	0	26	1	1	40501	0.6	157070
0	15462	5	3	1	4	1	12229	0.3	151744
0	5993	6	0	28	1	1	12440	0.55	94793
0	2341	4	0	10	4	4	31697	0.15	118631
1	1630	4	1	47	5	7	35099	0.4	4609
1	-7901	1	0	41	5	6	41396	0.65	5667
1	-7576	2	2	34	3	7	47464	0.5	6193
1	-5180	2	0	24	2	5	23911	0.4	8152
1	-5487	1	1	48	3	7	33343	0.55	9220
1	-8294	1	2	32	5	7	44125	0.5	594
1	-8451	4	0	46	5	5	4728	0.9	2235
0	19676	4	0	26	2	3	47068	0.35	140563
0	15998	6	3	1	4	1	43703	0.3	7784
0	7952	4	1	2	2	2	44389	0.35	116638
0	14615	3	3	24	4	2	10122	0.15	135943
0	17348	4	3	6	4	1	31432	0.3	173027
1	1945	2	1	25	2	7	23137	0.55	5537
1	-9817	5	0	42	4	5	47140	0.9	3293
0	-331	3	3	3	1	2	45372	0.6	46822
0	5642	4	1	4	2	3	26833	0.05	60775
1	-845	2	1	22	5	5	15963	0.5	5663
1	-6338	2	1	32	3	4	27174	0.9	3553
1	-7699	2	0	21	3	6	5935	0.8	1839
1	1351	1	1	42	5	7	22549	0.5	4049
0	19217	6	1	30	2	1	5829	0.15	65988
0	7340	6	1	23	3	4	41186	0.05	76993
0	3177	4	2	9	4	4	34880	0	47778
0	19076	5	3	10	4	1	5500	0.55	15754
1	-9571	3	1	40	5	7	1481	0.7	5086
0	207	5	2	21	3	1	14874	0	111511
1	-5494	2	0	21	4	7	32299	0.35	4701
0	13277	2	1	20	4	4	39212	0.6	133425
1	-8582	3	0	42	3	5	49178	0.4	3431
1	-7311	2	1	39	2	4	35932	0.85	5987
1	-3015	1	2	21	5	7	31988	0.8	7271
0	3570	5	0	16	2	1	29462	0.6	112868
0	9337	4	3	8	4	1	23284	0.3	103504
0	15438	1	3	1	4	3	15152	0.35	39047
0	9992	6	2	3	3	1	20988	0.15	18475
0	1807	3	2	14	4	2	44860	0	79667
1	-9025	4	3	36	3	6	10117	0.7	7261
0	3509	6	2	27	4	2	37235	0.35	80324
1	-7711	2	2	30	2	7	31779	0.4	2418
1	-2417	1	1	39	2	6	43714	0.7	2611
1	-9143	2	0	20	4	5	10747	0.85	2154
0	815	5	2	6	1	3	34022	0.1	36806
1	1276	2	2	46	4	6	30867	0.85	9510
1	-7525	1	3	45	4	7	37157	0.45	4476
1	-4387	3	0	43	4	7	21953	0.75	6027
0	19195	5	3	13	3	4	12703	0.35	74057
0	12858	5	3	16	4	1	38164	0.45	132573
1	-6000	2	1	48	5	5	36626	0.65	9279
0	2485	2	1	11	2	1	29052	0.05	144640
0	8663	1	0	13	1	1	26828	0.05	120091
1	-2797	2	2	31	2	6	3836	0.55	8453
1	-4696	6	1	25	4	4	3036	0.45	485
1	806	2	0	30	5	5	47549	0.75	3324
0	14185	1	3	7	4	1	2803	0.15	92529
0	10487	2	2	24	4	2	2307	0.5	113623
0	10512	6	2	5	3	1	25760	0.05	103513
0	19147	4	1	26	1	2	17836	0.15	10505
1	-8542	3	0	34	5	5	26645	0.5	9754
1	-1148	1	2	27	2	3	40521	0.9	444
1	1901	1	0	42	2	7	38517	0.85	6213
0	8974	5	2	17	4	1	24244	0	5369
0	7481	6	1	26	4	4	514	0.35	154576
1	-3916	2	1	33	4	6	35673	0.35	2909
0	771	6	2	29	2	1	44062	0.6	66665
1	-4029	2	1	34	2	4	2638	0.45	5618
0	17363	1	2	27	3	3	13348	0.2	181581
0	120	1	3	2	4	2	41046	0.35	141698
0	19987	4	3	18	4	1	9814	0	20493
1	-4709	1	1	43	5	7	45039	0.9	7144
0	5136	6	3	29	4	2	22811	0.6	1811
1	-6253	2	3	25	5	7	5243	0.85	5692
0	14798	6	3	2	4	1	24585	0.5	156423
0	19627	3	3	12	1	3	49432	0.3	162405
1	614	1	0	38	2	5	15490	0.6	4044
0	19871	6	2	15	2	5	26037	0.4	175884
0	17117	4	1	5	2	5	31225	0.55	152835
1	-3487	1	0	38	5	7	13851	0.8	9975
0	18213	6	0	27	1	1	11402	0.45	46843
1	-2566	1	2	33	3	7	3203	0.7	4886
1	-5686	4	1	48	5	4	6767	0.55	95
1	-9078	2	1	22	2	7	30852	0.75	5162
1	-8878	4	1	24	3	5	38445	0.3	3217
1	-1811	3	1	34	4	5	48403	0.9	8441
1	-1670	2	1	22	5	4	6849	0.45	2775
0	19872	4	3	25	1	1	25920	0	157243
0	1886	4	3	10	2	2	24580	0.3	29848
0	17311	6	1	14	2	4	17116	0	167829
0	4193	6	1	29	1	6	21278	0	153242
1	-9370	2	2	45	2	5	3908	0.35	6967
1	184	1	1	23	2	7	21845	0.35	6281
0	15973	1	1	8	3	1	16526	0.35	23244
1	-599	2	0	48	5	7	30423	0.9	1229
0	1876	4	3	9	3	1	32100	0	129040
1	-1036	2	3	30	2	7	33782	0.5	9298
1	-6253	2	0	23	5	5	25414	0.4	8566
1	-2402	1	0	42	2	6	45173	0.55	5631
1	-3786	3	1	37	2	7	13416	0.4	8762
1	-9754	1	1	47	3	7	45481	0.45	4315
0	4837	6	3	23	4	4	15217	0.15	141801
0	19773	6	1	6	3	1	33873	0.3	114945
0	3459	6	3	10	4	1	38280	0.25	143148
1	-1451	1	2	26	3	4	11469	0.85	8433
1	-9580	2	3	24	5	6	40172	0.85	2660
1	-2122	1	0	42	2	5	23217	0.45	376
0	7572	6	3	21	2	1	22870	0.25	160060
0	1094	6	3	17	4	2	45025	0.2	175531
1	-4734	3	0	43	3	6	49345	0.9	9393
0	5140	3	3	23	2	1	34649	0.25	111349
1	-5724	2	0	47	5	4	16282	0.6	1977
0	19467	6	3	3	4	1	32450	0.55	193731
0	1693	5	2	29	3	2	49752	0.15	141085
0	11271	6	2	30	4	1	39991	0.1	29341
0	3771	1	3	13	1	2	20271	0.45	129996
1	-6831	2	1	25	4	4	25449	0.55	9403
1	-1627	1	0	22	5	6	22454	0.4	5934
0	7544	6	3	24	3	4	18086	0.1	25643
0	13709	4	1	29	3	6	12258	0.05	95419
1	-1547	2	2	41	2	7	9900	0.5	3829
1	-1352	2	0	37	5	7	43353	0.35	6234
1	-4470	3	1	26	5	6	45225	0.65	8494
1	-5378	1	2	33	5	5	48062	0.5	3196
0	12036	6	2	10	3	2	21461	0.6	61857
1	-2182	2	0	37	5	7	6741	0.85	1803
0	17638	4	2	17	1	2	44984	0.1	163876
1	-5148	2	0	50	3	2	1569	0.75	4237
0	7520	5	2	8	4	1	36768	0.05	12820
1	-9104	1	3	36	2	7	18042	0.8	6451
0	4094	3	2	19	2	1	23687	0.55	40019
1	-9177	2	2	29	4	7	23036	0.3	1025
0	18652	6	2	19	2	3	45394	0.4	12709
1	-6811	5	3	43	5	2	2526	0.3	1833
1	1863	1	1	50	5	7	2304	0.6	2183
0	-268	5	2	20	1	2	5387	0.55	123936
0	6712	4	3	20	4	1	26449	0.25	174111
1	998	6	1	30	5	7	28308	0.7	9197
0	17881	6	3	8	2	1	14890	0.1	70868
1	163	5	1	48	4	2	6011	0.65	2399
1	-9047	2	0	22	3	3	29332	0.9	1054
1	-8099	2	0	47	4	7	15092	0.85	6305
0	602	4	2	1	4	4	13163	0.45	186005
1	-1110	1	1	35	4	7	13944	0.85	4888
0	16045	6	2	10	3	4	8223	0.4	4175
0	16330	4	1	27	4	1	31197	0.45	159708
1	-3015	2	2	31	5	7	22273	0.5	4459
0	619	6	2	9	1	2	46261	0.1	16057
0	5486	5	1	27	3	2	30378	0.3	116525
0	9346	4	2	4	3	2	39096	0.35	42761
0	-19	6	3	13	3	4	36641	0.2	40076
0	-471	6	3	5	3	2	10695	0.6	52537
1	-8767	2	2	31	5	5	30851	0.85	4417
0	18424	5	2	19	2	1	30667	0.35	154581
1	18	2	2	26	4	5	22866	0.4	4894
0	2012	6	2	16	2	2	1219	0	149297
0	12214	5	3	9	3	2	30777	0.05	84519
0	-146	4	0	14	3	2	13132	0.3	164342
1	1778	2	2	28	3	6	40149	0.75	5215
0	18077	5	3	26	2	1	46882	0.45	83159
1	-1528	4	3	41	2	5	15088	0.65	2515
0	12932	6	3	11	2	1	39031	0.25	65977
1	699	2	0	43	2	4	38644	0.7	8742
0	10622	6	2	24	3	2	10963	0.55	121239
0	7804	5	3	6	1	4	31200	0.15	194310
1	-4540	3	0	42	5	7	7031	0.35	7350
0	5042	3	2	12	2	1	24992	0.3	162412
0	14460	4	3	3	4	1	41488	0.35	190219
1	-841	3	3	45	3	7	27891	0.6	1885
1	-3049	1	1	39	3	7	7292	0.8	6041
0	7580	1	2	24	1	3	15129	0.6	115417
0	5939	1	3	30	4	1	24756	0.15	16076
1	-4681	3	0	30	4	5	12304	0.9	170
1	-1995	2	2	46	5	5	33782	0.6	4071
1	-7783	3	3	30	5	7	15407	0.35	2599
0	780	5	3	10	4	2	47448	0.05	153126
1	-1560	2	2	46	4	7	31877	0.6	6664
1	-3599	3	1	31	5	7	9916	0.4	3304
1	352	1	1	21	3	4	37795	0.65	7370
0	13544	6	3	16	4	1	609	0.15	134031
1	-1943	1	0	20	5	7	36348	0.9	1475
1	-7953	3	0	32	2	5	35744	0.6	1374
0	8707	5	3	27	3	2	14916	0.05	148329
0	458	4	3	22	4	2	21380	0	90374
0	9638	4	2	3	1	1	11953	0	36443
0	4673	5	2	2	4	2	27944	0.55	165068
0	215	4	2	11	4	1	9103	0.3	57827
1	-4052	5	1	23	3	3	22807	0.4	700
1	-124	1	0	35	3	6	20821	0.9	8879
0	10235	5	0	24	1	3	22702	0.25	65682
0	19809	5	2	1	1	2	19240	0.3	135303
1	-7511	1	0	30	5	7	5955	0.8	2506
1	-873	4	1	36	5	7	42918	0.45	3905
0	16681	3	3	5	1	1	14134	0.1	63633
0	13464	3	2	8	4	2	35510	0.45	161637
0	10435	5	3	16	3	1	40945	0	162747
0	10106	5	3	17	4	2	32217	0.15	45756
0	5443	6	2	26	1	2	45359	0.05	12893
1	-7604	1	0	24	5	4	41485	0.85	8798
1	-3900	6	0	46	3	7	12343	0.85	2133
0	9670	5	3	3	4	1	18201	0.4	165794
1	1576	3	2	20	5	7	35495	0.45	5556
0	11437	3	3	9	4	1	22454	0.4	146163
0	5997	5	3	9	1	2	35062	0.45	4849
0	13997	6	0	2	4	1	7427	0	180691
1	1180	1	0	44	2	5	27601	0.5	941
1	83	1	3	29	3	4	9073	0.35	5801
0	16284	6	3	3	4	3	33397	0	177036
0	3025	5	2	19	2	1	21171	0.25	73565
0	8238	1	3	11	4	4	3542	0.5	171519
0	4804	4	2	19	3	2	47867	0.45	26906
0	17249	1	1	9	3	2	35979	0.25	63900
0	9219	3	3	4	1	1	29155	0.4	75052
0	10098	3	3	21	4	1	28599	0.35	84449
0	12538	5	3	27	1	3	5591	0.6	19373
1	-1467	2	0	39	5	5	2696	0.55	8472
1	-9706	1	1	48	5	7	19879	0.45	6752
0	6368	6	3	29	2	1	41214	0.35	84532
1	-526	3	2	35	3	7	47267	0.55	1573
1	-2878	3	3	21	3	5	15716	0.4	8588
0	15184	5	1	26	1	3	4022	0.1	191719
0	2061	5	3	29	2	1	24794	0.3	125482
1	-5189	4	2	31	4	6	14023	0.3	8352
0	5851	5	0	24	4	1	21676	0	27819
1	-5345	2	0	36	5	7	11421	0.75	9317
1	-9586	5	0	43	4	7	36111	0.75	4242
0	17877	5	1	26	4	4	47972	0.35	122490
1	-5432	2	2	41	4	7	49552	0.5	8174
1	1604	2	2	25	2	4	1584	0.55	5243
1	156	1	1	45	5	5	5418	0.5	5018
0	397	3	3	23	3	3	13911	0.35	142461
0	-605	5	2	7	4	1	26774	0.5	137432
1	-3012	3	0	24	5	7	8846	0.35	4964
0	10885	5	2	23	1	1	22215	0.05	42607
1	-1143	2	0	35	3	3	47126	0.75	9982
0	5676	6	0	1	4	1	38142	0.25	31891
1	-6076	2	1	47	3	7	7693	0.6	571
0	8096	6	3	29	3	1	29527	0	85277
1	-8669	2	1	31	2	5	32225	0.3	7778
0	3682	4	1	5	3	1	6579	0.35	79087
0	9350	2	3	24	4	1	24422	0.45	75969
1	-9063	6	3	30	5	5	4913	0.8	2097
1	-4688	2	0	23	3	7	34295	0.85	6899
0	17890	5	3	12	2	1	44436	0.6	77465
0	1435	1	1	21	4	1	2117	0.2	109946
1	-4480	4	0	35	2	5	37273	0.3	4687
1	-8210	1	0	25	5	5	6954	0.7	2592
1	-4514	3	0	48	2	6	11228	0.35	797
1	-8398	4	0	30	4	7	32397	0.4	1504
1	-950	4	1	24	5	5	30449	0.55	7137
0	12460	5	1	15	3	3	38091	0.1	74891
0	17472	6	3	16	4	6	17820	0.35	12934
0	8490	5	2	6	4	2	20986	0.25	86426
1	-8823	1	0	22	2	6	9549	0.6	4966
0	16490	6	3	19	4	2	16133	0.1	136898
1	-4261	2	2	42	4	7	15646	0.85	7516
0	7702	5	3	15	4	1	24183	0.6	45018
0	3459	5	3	28	1	1	43088	0	174602
0	4784	3	3	21	4	3	23353	0.35	168821
1	-2574	1	2	37	3	4	19653	0.6	7768
0	19776	1	2	8	3	4	30236	0.2	38636
0	-510	5	3	21	1	2	8507	0.05	47102
1	-3110	1	3	41	2	5	22891	0.85	720
1	-2782	1	0	37	3	3	9433	0.55	108
1	-7148	4	0	38	2	7	34843	0.4	5602
1	144	1	3	44	2	4	40703	0.75	2772
1	-3692	1	0	33	4	7	35562	0.35	6323
1	-4886	1	0	29	3	7	18664	0.9	4804
1	-4327	2	0	47	2	5	41437	0.65	2852
0	19660	5	3	30	2	2	25249	0.6	103403
1	-9199	4	0	41	5	6	36808	0.9	3548
1	-6780	4	0	21	5	5	37835	0.4	2415
0	6049	6	3	1	1	2	35939	0.45	115726
1	-3642	3	2	33	4	7	28213	0.4	3857
1	-1441	3	0	23	2	7	24339	0.45	3245
0	15032	6	2	2	2	2	49193	0.05	37355
0	5981	5	2	22	3	1	45353	0.35	4604
0	2375	6	1	6	1	1	19824	0.45	120896
1	-4865	2	1	47	5	7	29400	0.7	5067
0	8781	6	3	6	1	2	32242	0.15	20315
1	-4173	2	2	38	5	6	24371	0.45	7595
0	8787	6	3	20	3	6	27812	0.45	31348
0	14086	5	3	11	3	1	40408	0.45	78313
0	19065	6	3	18	2	2	4745	0.2	163832
1	-4321	1	3	39	4	7	27736	0.35	6778
1	-3561	3	1	28	4	7	10926	0.9	7018
1	-8677	2	1	47	5	5	34799	0.85	6842
0	10497	5	2	17	3	1	49291	0.2	21142
0	3841	4	3	9	4	1	26988	0.4	46675
1	-1499	1	0	28	2	7	30050	0.4	2847
0	3966	3	3	4	1	1	6429	0.05	149269
1	-1254	2	1	48	2	6	2285	0.65	5326
0	15921	5	2	11	2	1	32799	0.25	71285
0	-339	6	3	10	3	2	47152	0.6	77602
1	-8874	1	0	49	2	5	15554	0.5	9019
0	3966	2	3	14	4	6	44571	0.1	3646
1	-4639	1	1	43	5	4	6441	0.55	6151
1	-7704	1	1	49	5	5	10993	0.35	79
1	-8226	4	3	38	5	7	25970	0.45	920
1	-7425	3	1	49	5	7	39942	0.75	335
0	4825	6	3	25	1	1	47113	0.6	106275
0	17263	5	1	26	2	1	41189	0.3	180685
0	17836	6	1	25	3	1	38021	0.1	110716
0	17672	4	1	25	3	2	10199	0.6	29338
0	16609	4	1	2	4	1	5577	0.25	3486
1	-3835	1	0	20	3	7	1657	0.3	8067
0	17098	4	3	27	2	4	8344	0.55	86858
0	7828	1	1	26	4	2	11605	0	117221
1	-4798	3	1	24	5	3	48166	0.5	3808
0	16520	3	3	23	4	1	47331	0.05	45040
1	224	3	1	46	5	6	10852	0.4	8797
0	15660	3	2	19	1	1	31277	0.45	50771
1	-766	2	3	24	5	5	23978	0.7	5225
1	-7508	1	2	50	5	7	35243	0.55	7928
0	18399	3	1	1	4	1	49764	0.35	71425
1	-9651	1	3	34	5	4	1617	0.35	332
0	9697	6	1	14	1	1	15296	0.5	112731
0	14515	6	2	22	2	1	18335	0.4	114299
0	13641	6	2	6	4	2	17879	0.1	25670
0	16707	6	3	18	2	1	40779	0.25	119387
0	7677	5	0	29	1	2	20145	0.3	145059
1	-8198	6	3	38	4	7	11309	0.8	6443
0	-968	5	3	21	3	4	11308	0.2	5973
0	19590	4	3	27	4	6	15785	0.1	64825
1	-5152	1	2	23	5	6	12249	0.35	9352
1	-8186	3	0	49	4	7	44106	0.45	6189
1	-1209	2	0	32	2	5	36335	0.3	4961
0	16910	3	3	7	2	1	2935	0.05	160866
1	-2568	4	0	23	2	7	45442	0.6	5313
1	217	6	2	34	2	7	38560	0.35	1284
0	1933	3	2	1	1	2	10339	0.25	84645
0	3464	5	3	26	3	4	583	0.05	65909
0	17353	5	1	7	4	1	9516	0.1	163367
0	7815	4	1	4	2	1	30445	0.55	170792
1	-4545	5	1	45	2	7	4559	0.4	7537
1	-7266	1	0	50	3	7	17814	0.4	8330
1	-923	2	0	39	5	6	23924	0.35	2089
1	-247	1	0	21	2	5	7484	0.8	6653
0	4433	5	0	10	2	3	30859	0.5	194798
0	10033	3	3	18	2	2	45481	0.45	98961
0	14806	6	1	4	3	4	33976	0.05	169997
1	-3980	5	0	23	4	7	18628	0.65	714
0	9767	4	3	28	3	2	9161	0.1	7457
0	16844	5	0	6	3	3	24407	0.5	129922
0	9671	6	2	8	1	2	4262	0.6	18132
1	-6813	2	0	41	3	7	7034	0.35	6261
0	12216	5	2	19	4	3	49008	0.15	51090
0	18604	2	3	27	2	1	11566	0.15	7266
1	-4866	2	1	41	5	7	31884	0.7	5147
1	-2690	1	0	46	4	7	12779	0.85	9674
0	9652	5	0	18	3	2	24334	0.05	79682
0	9163	3	3	29	1	2	32561	0.3	165862
0	9601	5	2	28	2	2	30528	0.05	27871
0	929	6	3	2	2	6	45719	0.55	46079
1	1850	2	3	35	3	2	48759	0.85	2449
1	-3287	2	1	40	2	6	9884	0.75	6123
1	-9388	4	3	31	5	5	18613	0.9	7775
0	7600	5	2	19	3	2	6851	0.2	26439
0	15362	6	1	29	1	1	44900	0.45	50775
0	2510	4	3	12	3	1	27684	0.3	90129
1	-551	1	2	48	5	7	16099	0.6	6722
1	-3339	2	1	28	5	2	1222	0.35	7951
1	-7461	1	0	43	5	5	19132	0.6	5944
0	16833	6	3	26	4	1	15272	0.15	142041
1	-3671	4	2	22	5	5	779	0.85	8268
1	-6929	1	0	44	5	6	25937	0.45	2799
1	-6379	2	0	42	3	4	1887	0.8	7867
0	11	4	2	23	3	2	28438	0.05	33370
1	-3533	3	2	34	3	5	19827	0.45	4506
0	5092	5	1	20	1	2	34522	0.6	93829
0	15146	4	3	25	1	3	7130	0	35165
0	15012	6	2	22	3	1	16699	0.05	177166
0	4649	5	3	6	2	1	521	0.4	178132
1	-2834	3	3	31	5	7	48711	0.75	5347
1	-1156	3	0	26	4	7	14215	0.55	1804
0	4745	5	3	24	3	1	17147	0.2	192158
1	-1852	2	0	27	5	5	9309	0.9	2091
0	19116	6	3	12	4	6	45281	0.3	64825
1	-8651	3	2	24	4	6	14015	0.55	6467
0	13239	6	3	3	4	5	9560	0.45	24111
0	18006	5	3	12	1	1	439	0.25	156193
1	-1801	1	0	30	2	7	23025	0.5	5945
0	18562	2	3	8	4	4	17557	0.6	90365
0	3114	4	3	29	2	3	8524	0.05	40306
0	11048	5	0	3	4	2	48078	0.1	2018
1	-3706	2	0	23	5	6	31721	0.5	9221
1	-3388	2	0	48	5	5	2920	0.6	698
0	7362	6	0	4	4	2	1530	0.05	85371
1	-1718	1	0	30	4	7	21094	0.3	8048
0	17445	5	3	25	4	4	13316	0.4	26905
1	-570	2	1	33	3	7	24951	0.65	8033
0	9461	5	2	7	4	1	27534	0.05	127644
1	-4002	2	0	38	4	6	5424	0.55	5968
1	-9830	2	0	35	5	5	24432	0.5	5010
0	7211	3	1	30	3	1	9157	0.6	123010
1	-5362	1	0	43	3	5	28597	0.5	8249
0	15655	6	3	27	4	4	47124	0	24673
1	-1119	1	3	33	5	3	3428	0.4	7710
0	9875	5	3	23	4	2	11723	0.1	25050
1	-3118	1	0	37	5	7	12791	0.6	9865
1	-7653	2	3	32	2	5	513	0.5	893
1	672	2	2	32	2	7	5620	0.85	9665
1	-428	1	0	26	2	6	19522	0.5	1400
1	-8912	3	0	23	2	5	40805	0.75	5508
1	-5247	1	0	26	5	7	9446	0.4	8523
1	-8648	6	2	23	4	6	25944	0.75	2234
0	18662	5	3	1	4	1	49576	0.4	160219
1	-6571	2	0	31	5	6	39373	0.45	3425
0	15913	4	1	13	1	1	37441	0.5	71755
1	1314	1	1	45	5	4	37491	0.3	6472
0	469	6	3	14	2	2	46680	0.45	66953
0	2073	4	3	13	4	1	2540	0	162380
1	-2780	3	0	22	5	7	1864	0.7	697
0	9383	4	3	29	4	5	10506	0.05	73805
0	7543	5	2	23	2	1	10434	0	43921
0	14146	6	0	4	3	2	5293	0.05	72953
0	4809	6	0	14	4	2	33361	0.6	115714
0	10409	5	2	8	3	1	5192	0.5	68158
0	4123	5	2	16	3	1	2885	0.05	45422
0	650	6	3	10	4	2	38831	0.25	117744
0	205	1	1	6	3	5	1261	0.15	69070
0	17961	5	3	19	1	2	20150	0	92599
0	2307	5	2	12	2	1	6831	0.1	4142
1	-6116	2	1	26	4	7	28159	0.75	3925
0	7918	3	0	28	4	1	1273	0.4	187235
1	-3681	2	0	45	4	6	35469	0.8	1842
1	-3886	1	0	37	4	7	40653	0.75	1375
1	1517	2	2	22	3	7	2323	0.35	8591
0	283	4	1	28	4	1	28239	0.2	143323
0	-330	6	1	23	2	2	6575	0.5	180740
0	13530	6	0	23	1	1	17525	0.55	136359
1	-8891	3	0	37	5	7	44313	0.6	4299
0	19269	6	3	16	3	2	48282	0.5	199060
0	261	5	0	11	4	4	18794	0.2	96899
0	1366	4	3	28	4	1	36672	0.35	190808
1	-5617	1	0	20	5	7	35075	0.8	2295
1	1658	2	1	41	2	5	25063	0.5	310
0	16857	6	3	27	2	1	7688	0	166902
1	-9482	1	0	36	5	5	21196	0.85	7825
1	-4629	1	2	29	5	7	48931	0.7	3867
0	3683	5	1	17	4	2	39702	0.35	164091
0	15698	5	2	9	3	1	47515	0.3	157205
0	14029	6	1	4	4	1	1624	0.5	100920
0	16079	4	2	20	4	3	42583	0.55	29245
0	4886	6	2	13	3	1	22640	0.4	45610
0	492	5	2	20	4	3	23039	0.25	183552
0	-275	4	3	6	4	1	46300	0.05	37679
0	503	5	3	19	4	2	48215	0.6	79283
0	13496	5	3	12	3	2	2371	0.55	31380
1	-9821	1	0	50	5	6	44172	0.5	1155
0	1964	4	2	12	4	1	34899	0.2	192864
1	253	1	3	28	3	6	17447	0.85	3974
1	-4291	3	0	32	5	7	5405	0.85	7137
1	-7892	1	1	26	2	6	8971	0.4	3983
0	11261	5	3	19	4	6	16961	0.35	24430
0	7015	4	2	11	4	1	22199	0	140692
1	-5720	4	3	21	5	2	41932	0.8	1142
1	-7163	3	0	34	4	5	30595	0.45	7316
0	3302	5	3	21	4	4	7531	0.15	40231
0	7729	3	0	19	4	4	39680	0.45	158439
0	483	1	1	21	2	1	6552	0.45	72938
1	-3297	2	1	27	4	6	17145	0.9	2051
1	-5220	1	0	44	5	5	45935	0.3	5096
1	-6187	2	0	43	4	5	7037	0.35	1214
0	4077	6	2	18	3	1	44203	0.25	125264
1	-5096	4	2	37	5	5	13203	0.35	2524
1	697	2	1	43	2	5	12322	0.75	8969
1	-2110	2	0	37	3	4	1907	0.55	5902
0	7517	6	3	20	2	2	139	0.6	187069
1	-9734	1	0	39	2	7	30181	0.85	4463
1	-3227	1	0	23	5	4	49708	0.45	1563
0	9332	4	3	15	2	2	34351	0.3	109442
1	-6882	1	3	21	4	5	24811	0.5	6982
0	3503	5	2	13	2	1	34762	0.6	13723
0	6486	1	3	2	4	1	48160	0.5	60278
0	9242	5	3	8	2	1	36152	0.2	17301
1	247	1	1	28	5	5	47296	0.85	9432
1	-4720	2	2	40	4	7	2195	0.45	3649
0	6097	4	1	5	2	1	28070	0.1	143355
0	-509	3	3	28	3	4	2769	0.2	2428
1	-8126	1	0	48	5	7	34769	0.4	6367
0	18261	1	2	2	1	3	40127	0.3	174414
0	8684	5	0	21	3	4	855	0	81720
0	9637	6	1	10	4	1	42656	0.3	30586
1	-907	6	0	46	4	5	21627	0.7	7867
1	-4641	1	0	31	2	5	17173	0.4	7360
1	-5341	6	2	28	2	5	41560	0.55	3213
1	811	2	0	45	4	7	40721	0.85	2589
1	-2218	1	0	34	5	7	30582	0.35	3064
0	13169	5	3	25	1	1	43562	0.25	158157
1	-8180	6	0	20	5	4	36626	0.5	9897
1	-8106	2	1	37	5	6	47606	0.9	9322
1	1380	3	3	41	5	7	28807	0.65	49
1	-7305	1	1	32	5	7	589	0.75	8664
0	-593	4	1	28	1	1	14223	0.3	63617
1	-791	2	3	45	3	7	7889	0.55	2089
1	-9837	2	1	24	3	5	36275	0.9	9097
1	1887	1	0	24	4	7	34406	0.35	5877
0	-29	5	3	6	2	3	49364	0.15	186477
1	-7676	2	0	50	2	7	28209	0.35	2077
0	17283	5	3	13	4	2	40329	0.35	8540
1	-4468	2	0	27	5	3	6003	0.45	1211
0	471	6	3	17	3	1	22957	0.3	50253
0	7233	6	2	18	4	1	8549	0.5	142624
0	6549	6	2	26	3	1	5328	0.1	2461
0	10550	4	3	27	4	2	48292	0.55	76206
1	-7938	2	0	40	3	7	21192	0.3	7878
1	-3343	3	0	32	5	7	4258	0.5	1059
0	19726	6	2	1	4	2	27500	0.4	29976
0	1471	1	0	7	1	5	38259	0	198312
0	11302	4	3	24	3	2	25479	0.5	184515
0	17004	6	2	17	4	2	31527	0.1	163593
1	1422	1	2	43	4	4	24002	0.45	5479
1	-5254	1	2	42	2	6	4333	0.75	7316
0	6318	1	1	19	4	1	37847	0.3	139075
1	-1735	1	0	44	5	5	44095	0.4	2279
1	-5266	6	1	27	3	6	39359	0.45	7815
1	-4600	3	0	24	3	7	26838	0.35	6682
1	-4377	2	2	29	4	5	13226	0.35	9265
0	4817	4	1	18	3	1	36957	0.45	41677
0	6734	1	3	5	4	1	29296	0.05	71101
0	2660	4	3	23	1	1	28297	0.45	191471
1	-7027	1	1	20	3	7	48216	0.55	4726
0	7375	6	2	15	3	2	38280	0.55	97074
1	-4182	4	0	47	5	7	15735	0.7	6366
1	-4897	2	2	32	3	2	21237	0.9	5338
1	-7546	2	3	45	4	4	6071	0.35	9149
0	17980	6	3	28	1	2	18504	0.6	124713
1	-6397	3	3	26	5	4	3206	0.35	3526
1	-5746	3	1	27	3	7	33077	0.6	1552
1	-5442	2	1	43	4	7	16147	0.5	2552
0	6331	6	2	29	4	3	42731	0	86154
1	-2228	2	1	42	3	4	10250	0.35	2070
1	-4261	2	2	39	2	7	39365	0.5	865
1	-7809	1	1	33	2	7	9246	0.35	5923
1	-3725	2	0	30	3	7	40889	0.4	3491
1	-4859	2	0	49	4	7	36048	0.7	8152
0	13071	1	2	3	1	6	37646	0.5	158230
0	19758	5	1	29	1	2	22749	0.55	129768
0	7470	5	3	8	4	2	1174	0	129163
0	18733	5	3	7	2	2	48053	0.05	156742
0	15467	6	2	12	4	3	3551	0.05	92665
0	12791	5	3	19	2	1	38197	0.05	105841
1	-9987	2	0	35	3	7	12899	0.65	2730
1	-1648	3	0	47	2	6	47870	0.8	9960
1	-8956	3	1	35	5	7	12915	0.4	759
1	-4809	4	2	43	4	7	21018	0.6	5013
0	4463	5	3	6	3	1	46013	0.15	132322
0	2129	4	3	11	1	4	28080	0.6	176611
1	-6446	2	0	30	3	5	35849	0.55	820
0	16431	4	3	2	4	4	7502	0.55	145544
0	10459	6	3	21	4	3	48620	0	145285
0	10433	5	3	2	4	1	16157	0.2	39053
1	-6220	4	2	39	2	6	8325	0.8	2004
0	14957	3	0	25	4	1	49672	0.6	132163
0	6516	6	2	19	1	2	23612	0.4	70425
1	-2935	2	1	26	3	3	15081	0.3	4139
1	-8089	2	2	29	3	4	36610	0.3	4034
0	5115	3	2	6	4	1	13023	0	20696
1	-5443	1	1	38	2	4	34969	0.3	3998
1	-9786	1	3	44	3	6	34150	0.55	8201
1	-5221	1	1	21	5	3	11815	0.5	3490
0	16479	4	3	15	4	1	5449	0.25	64889
1	1291	2	3	24	3	6	21363	0.55	9845
0	2015	6	0	13	4	1	8372	0.45	129451
0	3047	6	2	21	3	2	6203	0.2	31156
1	-8202	2	3	34	3	2	30507	0.5	9481
0	1410	6	2	10	2	2	29075	0.25	106824
1	-3062	1	2	22	5	4	20914	0.5	3944
1	-6100	2	0	20	5	6	44792	0.3	4539
0	10770	4	0	21	4	2	27313	0.2	70239
1	-8259	1	0	39	3	6	49590	0.5	4753
0	18079	4	2	11	3	1	29751	0.55	8175
0	8289	6	2	7	2	1	4028	0.6	61451
0	10546	5	3	6	3	2	11075	0.6	196006
1	1861	1	0	42	2	5	34253	0.4	7991
0	5086	3	3	3	4	3	6124	0.15	42023
1	-5721	3	0	46	5	5	32481	0.55	5815
1	-8757	2	0	33	2	5	3003	0.8	6167
1	-4573	1	3	22	4	4	2604	0.55	2894
0	9726	5	3	21	4	2	3751	0.6	33511
1	-7678	3	1	36	4	5	32256	0.45	8438
1	-9949	3	1	34	5	4	29903	0.4	3235
0	14798	5	2	5	2	2	2215	0	79544
1	1093	1	0	46	5	5	7250	0.6	6813
1	1140	1	1	34	4	5	9849	0.9	4058
0	9680	5	2	16	2	6	38665	0.2	11935
0	17794	5	3	21	2	3	28172	0.25	92442
1	-6045	2	0	23	2	5	38957	0.7	6147
0	10381	4	2	8	4	2	16324	0.1	55462
1	-4103	2	1	26	5	5	40808	0.65	8483
1	-5221	3	0	28	5	6	16967	0.4	6720
1	-7060	3	0	28	4	4	2195	0.85	2230
0	5939	5	2	17	4	1	49041	0.45	32617
1	-3193	1	1	26	3	5	41903	0.6	2729
1	-1457	1	1	44	5	2	21156	0.35	4577
0	17767	4	2	22	1	2	31982	0.1	31172
1	-5745	2	1	44	4	5	31409	0.75	6168
1	247	1	1	41	2	6	38147	0.6	6927
0	14125	4	0	7	4	1	35529	0.5	103434
0	13673	4	1	8	2	1	31283	0.35	133314
1	-8384	1	1	24	3	6	48927	0.8	8856
0	11472	3	3	29	2	1	35400	0.15	136768
0	16717	6	2	18	4	1	24543	0.4	174201
0	8728	3	3	5	4	1	8135	0.05	167059
0	9418	3	3	3	3	2	3663	0.45	153227
0	11928	6	3	3	2	1	46056	0.05	184119
0	203	3	3	8	4	1	650	0.2	139284
0	8846	6	2	17	4	2	38918	0.45	91820
0	13934	3	2	26	2	2	21350	0.4	184227
0	19491	5	1	15	4	1	49352	0.6	59029
1	-7840	1	2	50	3	5	32250	0.4	4472
1	-2823	3	0	25	2	7	49762	0.9	2613
0	9338	6	2	7	3	1	16849	0.6	32203
1	-5324	5	1	21	3	3	14056	0.65	7733
1	-1497	6	0	38	5	7	44574	0.55	3375
1	975	4	3	39	2	5	3238	0.8	6963
0	6269	6	2	18	4	1	39921	0.5	179126
1	-5703	2	2	26	5	5	19758	0.5	2718
1	-7003	2	1	30	3	7	40970	0.35	5373
0	5282	4	0	21	4	2	25485	0.3	70582
0	140	6	3	29	4	1	11668	0.4	160391
0	10568	4	3	6	3	4	34100	0.5	172871
1	-7570	1	2	27	2	6	26882	0.6	401
1	-1796	1	0	43	2	7	37554	0.55	2095
0	15497	5	3	13	1	1	4904	0.2	70570
1	-6907	5	0	46	4	5	35576	0.5	8460
1	-6154	1	1	38	4	3	40830	0.75	943
1	-544	2	0	48	2	7	41321	0.3	4365
0	799	6	0	24	4	2	48412	0.25	99631
0	9814	4	3	11	1	2	35183	0.35	11567
1	-883	2	2	35	2	5	11123	0.4	6236
1	330	1	0	39	2	2	26911	0.55	7753
1	-7128	1	1	21	2	4	33066	0.8	1783
0	7990	6	2	22	2	1	16048	0.6	98172
0	2974	6	2	25	4	3	48117	0.15	23571
1	-643	2	0	25	2	7	48512	0.75	9768
1	-4149	2	1	21	4	5	30079	0.85	3494
1	1732	3	0	36	5	4	17849	0.35	4299
0	7360	6	2	13	3	2	33817	0.1	189894
1	-5186	3	2	22	3	7	40112	0.4	5213
1	-3549	1	0	25	4	7	25584	0.6	7971
1	1164	3	1	46	2	3	34411	0.6	3216
0	15807	6	2	17	2	1	27667	0.6	69118
1	-4343	2	0	24	5	4	4602	0.4	144
1	1764	4	1	48	3	3	20424	0.75	121
1	-9686	5	2	42	5	7	12460	0.4	15
1	-5123	1	0	26	5	4	43803	0.9	1232
1	-9572	1	0	37	3	7	31497	0.6	1623
0	19112	4	2	14	4	1	21746	0.3	132211
0	-558	3	2	25	3	1	10334	0.6	135277
0	9020	6	2	19	2	2	41327	0.35	145196
1	-6422	1	2	36	5	7	40655	0.75	5710
1	-5540	1	2	50	2	7	34843	0.7	7044
1	1055	1	1	42	4	6	40691	0.9	475
1	-8185	3	2	40	2	7	47809	0.5	2307
0	8791	5	2	10	4	1	46581	0.5	45839
0	1026	2	3	30	4	1	379	0	110762
0	1718	6	3	19	3	2	46422	0.15	188958
1	-3984	3	2	45	2	5	23507	0.35	491
0	16410	6	3	26	1	2	12710	0.1	143009
0	4181	1	0	9	1	4	14349	0.55	144890
1	-2288	2	2	48	5	4	3488	0.45	7122
0	4503	5	3	8	4	1	13622	0.4	69769
1	-6093	1	1	20	4	7	9783	0.35	9605
0	3783	6	2	4	1	2	29006	0.2	57446
1	-8008	3	0	46	5	5	2620	0.9	6233
1	1171	4	0	48	2	7	10083	0.55	6540
1	-5250	2	2	35	2	7	6319	0.65	9644
1	1468	3	1	33	5	7	16579	0.6	6429
1	-6057	2	2	37	5	7	37408	0.75	2104
1	1966	2	0	37	5	6	25819	0.8	7895
1	690	1	1	29	4	5	45303	0.5	9441
1	-3289	2	1	39	4	4	32009	0.6	8206
0	1736	3	3	26	2	3	2864	0.3	170252
1	-6075	3	1	22	5	6	10071	0.4	2762
1	-2859	3	0	33	4	5	43447	0.65	1131
1	-1409	2	0	22	2	7	15747	0.55	1968
1	1162	3	1	24	4	7	10493	0.4	344
1	-6416	3	2	44	4	5	49183	0.7	9502
0	7404	4	1	10	4	2	17496	0.35	170206
0	12880	6	2	20	3	1	8362	0.3	137984
0	15057	5	3	28	1	2	49425	0.45	72966
1	-4428	1	3	42	3	4	44327	0.4	1420
1	-4360	4	1	45	3	6	38156	0.7	3670
0	12675	6	3	9	4	3	20171	0.35	59965
0	2159	6	2	1	2	2	46388	0.15	178627
0	9284	6	2	10	4	2	15576	0.25	42431
1	-1436	1	2	38	3	3	32829	0.35	2239
1	1453	1	2	49	3	6	8456	0.7	2856
1	-3514	1	3	21	3	6	21581	0.5	6176
0	9982	2	3	7	1	1	38836	0.45	131473
1	-3747	2	0	39	2	7	6955	0.4	1139
0	12359	6	1	21	4	5	19164	0.2	151167
1	-1758	1	1	20	4	7	3139	0.3	5838
0	17876	5	2	3	2	3	26303	0.4	16339
1	-2290	1	1	45	5	7	17829	0.7	3631
0	9559	6	3	6	2	1	21310	0.1	129992
1	-1015	2	0	48	5	7	30187	0.7	9585
0	6406	5	3	4	1	1	38507	0.6	98372
0	6091	4	2	1	2	1	14885	0.15	132331
0	6289	4	1	8	2	3	35857	0.5	195921
0	2450	5	1	2	2	1	28517	0	8396
1	1833	1	3	23	4	2	24109	0.4	7857
0	8191	5	0	4	4	1	7751	0.25	106439
1	-3178	1	0	27	5	7	9295	0.6	6464
1	88	3	1	49	3	5	47770	0.9	4842
1	-75	1	2	44	5	7	1756	0.45	81
1	-69	2	2	33	5	7	41392	0.7	8415
1	1191	2	1	49	3	7	22368	0.35	577
1	1203	3	1	35	5	6	397	0.9	8102
0	12794	6	0	17	4	1	12601	0	181569
1	-6507	1	2	25	3	7	27987	0.75	8406
1	1561	2	1	40	4	7	36470	0.8	1388
1	-1660	3	0	44	4	7	38963	0.45	6580
0	4104	6	1	14	3	1	34759	0.05	84592
0	3438	6	2	22	2	2	134	0.35	89325
1	1060	3	0	48	5	7	39423	0.3	5645
0	10946	5	1	17	1	2	37647	0.05	111665
1	-2650	4	0	50	5	7	31171	0.8	7285
0	10411	5	2	17	4	1	26097	0.2	137903
1	-23	1	1	23	5	5	21468	0.5	5363
1	-6752	1	2	36	5	7	44253	0.7	9271
0	1147	6	3	7	1	1	44714	0.35	171591
1	-7055	3	1	25	3	7	25975	0.55	6796
1	-5191	2	0	33	4	5	20816	0.75	7571
0	8289	6	1	24	4	1	36914	0	170033
1	-6891	4	1	45	5	3	40928	0.7	1584
0	6245	3	3	10	4	4	3439	0.2	153493
0	3165	4	2	2	3	2	48788	0.2	191061
0	3006	6	3	13	3	1	27560	0.15	148358
0	8963	6	3	20	3	1	48108	0.55	160439
1	-1855	2	0	23	2	3	1905	0.85	8082
0	19621	5	3	8	1	1	4402	0.25	5607
0	9243	4	1	10	4	2	10966	0.5	157390
